# Blender 4.4.0
# www.blender.org
mtllib chest.mtl
o chest
v -0.012731 0.323960 0.001283
v 0.012791 0.323960 0.001283
v -0.012731 0.320940 -0.011343
v 0.012791 0.320940 -0.011343
v -0.017502 0.317033 -0.019497
v 0.017562 0.317033 -0.019497
v -0.017502 0.323780 0.008716
v 0.017562 0.323780 0.008716
v 0.000030 0.323780 0.008716
v 0.000030 0.317033 -0.019497
v 0.000030 0.311436 -0.019497
v 0.000030 0.316728 0.012074
v -0.017502 0.316728 0.012074
v 0.017562 0.316728 0.012074
v -0.017502 0.311436 -0.019497
v 0.017562 0.311436 -0.019497
v 0.000030 0.323997 0.001222
v 0.000030 0.321176 -0.011279
v 0.000030 0.320759 -0.023693
v 0.000030 0.329907 0.006148
v -0.017502 0.329907 0.006148
v 0.017562 0.329907 0.006148
v -0.017502 0.320759 -0.023693
v 0.017562 0.320759 -0.023693
v -0.017502 0.328512 -0.025982
v 0.017562 0.328512 -0.025982
v -0.017502 0.337295 0.004805
v 0.017562 0.337295 0.004805
v 0.000030 0.337295 0.004805
v 0.000030 0.328512 -0.025982
v 0.000030 0.334521 -0.027135
v 0.000030 0.341268 0.001077
v -0.017502 0.341268 0.001077
v 0.017562 0.341268 0.001077
v -0.017502 0.334521 -0.027135
v 0.017562 0.334521 -0.027135
v -0.020550 0.311697 -0.036152
v 0.020610 0.311697 -0.036152
v -0.026469 0.311697 -0.036152
v 0.026529 0.311697 -0.036152
v -0.026469 0.309954 -0.031837
v 0.026529 0.309954 -0.031837
v -0.020550 0.309954 -0.031837
v 0.020610 0.309954 -0.031837
v -0.012520 0.337905 -0.019298
v 0.012579 0.337905 -0.019298
v -0.012520 0.340651 -0.007819
v 0.012579 0.340651 -0.007819
v 0.000030 0.340651 -0.007819
v 0.000030 0.337905 -0.019298
v 0.000030 0.357285 -0.013742
v -0.012520 0.357285 -0.013742
v 0.012579 0.357285 -0.013742
v -0.019628 0.329600 -0.038052
v 0.019688 0.329600 -0.038052
v -0.025009 0.329600 -0.038052
v 0.025069 0.329600 -0.038052
v -0.025009 0.335468 -0.040498
v 0.025069 0.335468 -0.040498
v -0.019628 0.335468 -0.040498
v 0.019688 0.335468 -0.040498
v -0.016857 0.350396 -0.033521
v 0.016917 0.350396 -0.033521
v -0.016857 0.357121 -0.006985
v 0.016917 0.357121 -0.006985
v 0.000030 0.357121 -0.006985
v 0.000030 0.350396 -0.033521
v 0.000030 0.344932 -0.032472
v 0.000030 0.352918 -0.004482
v -0.016857 0.352918 -0.004482
v 0.016917 0.352918 -0.004482
v -0.016857 0.344932 -0.032472
v 0.016917 0.344932 -0.032472
v -0.016857 0.337884 -0.030391
v 0.016917 0.337884 -0.030391
v -0.016857 0.346202 -0.003261
v 0.016917 0.346202 -0.003261
v 0.000030 0.346202 -0.003261
v 0.000030 0.337884 -0.030391
v 0.000030 0.407704 -0.042980
v 0.000030 0.411863 -0.019661
v -0.015832 0.411863 -0.019661
v 0.015892 0.411863 -0.019661
v -0.015832 0.407704 -0.042980
v 0.015892 0.407704 -0.042980
v -0.015832 0.413755 -0.043995
v 0.015892 0.413755 -0.043995
v -0.015832 0.417551 -0.019996
v 0.015892 0.417551 -0.019996
v 0.000030 0.417551 -0.019996
v 0.000030 0.413755 -0.043995
v 0.000030 0.418388 -0.044313
v 0.000030 0.420886 -0.022440
v -0.015832 0.420886 -0.022440
v 0.015892 0.420886 -0.022440
v -0.015832 0.418388 -0.044313
v 0.015892 0.418388 -0.044313
v -0.018146 0.406813 -0.055062
v 0.018206 0.406813 -0.055062
v -0.022638 0.406813 -0.055062
v 0.022697 0.406813 -0.055062
v -0.022638 0.405105 -0.051971
v 0.022697 0.405105 -0.051971
v -0.018146 0.405105 -0.051971
v 0.018206 0.405105 -0.051971
v -0.012212 0.421998 -0.026546
v 0.012272 0.421998 -0.026546
v 0.000030 0.421998 -0.026546
v 0.000030 0.406321 -0.036350
v 0.000030 0.407439 -0.026562
v -0.012212 0.407439 -0.026562
v 0.012272 0.407439 -0.026562
v -0.012212 0.406321 -0.036350
v 0.012272 0.406321 -0.036350
v -0.018915 0.383263 -0.051450
v 0.018975 0.383263 -0.051450
v -0.023856 0.383263 -0.051450
v 0.023916 0.383263 -0.051450
v -0.023856 0.384718 -0.055053
v 0.023916 0.384718 -0.055053
v -0.018915 0.384718 -0.055053
v 0.018975 0.384718 -0.055053
v -0.016371 0.400225 -0.044572
v 0.016431 0.400225 -0.044572
v -0.016371 0.405858 -0.021021
v 0.016431 0.405858 -0.021021
v 0.000030 0.405858 -0.021021
v 0.000030 0.400225 -0.044572
v 0.000030 0.395209 -0.043609
v 0.000030 0.402541 -0.017910
v -0.016371 0.402541 -0.017910
v 0.016431 0.402541 -0.017910
v -0.016371 0.395209 -0.043609
v 0.016431 0.395209 -0.043609
v -0.016371 0.388737 -0.041698
v 0.016431 0.388737 -0.041698
v -0.016371 0.396374 -0.016788
v 0.016431 0.396374 -0.016788
v 0.000030 0.396374 -0.016788
v 0.000030 0.388737 -0.041698
v 0.000030 0.391006 -0.028086
v 0.000030 0.393360 -0.017650
v -0.012765 0.372188 -0.027781
v 0.012824 0.372188 -0.027781
v 0.000030 0.374483 -0.016453
v 0.000030 0.372188 -0.027781
v 0.000030 0.372344 -0.036933
v 0.000030 0.378911 -0.011607
v -0.016371 0.378911 -0.011607
v 0.016431 0.378911 -0.011607
v -0.016371 0.372344 -0.036933
v 0.016431 0.372344 -0.036933
v -0.016371 0.380660 -0.039082
v 0.016431 0.380660 -0.039082
v -0.016371 0.385077 -0.012728
v 0.016431 0.385077 -0.012728
v 0.000030 0.385077 -0.012728
v 0.000030 0.380660 -0.039082
v 0.000030 0.385331 -0.039082
v 0.000030 0.390964 -0.015531
v -0.016371 0.390964 -0.015531
v 0.016431 0.390964 -0.015531
v -0.016371 0.385331 -0.039082
v 0.016431 0.385331 -0.039082
v -0.018915 0.372809 -0.047987
v 0.018975 0.372809 -0.047987
v -0.023856 0.372809 -0.047987
v 0.023916 0.372809 -0.047987
v -0.023856 0.367310 -0.044980
v 0.023916 0.367310 -0.044980
v -0.018915 0.367310 -0.044980
v 0.018975 0.367310 -0.044980
v -0.012388 0.390809 -0.028139
v 0.012448 0.390809 -0.028139
v -0.012388 0.393329 -0.017600
v 0.012448 0.393329 -0.017600
v -0.012425 0.374602 -0.016463
v 0.012485 0.374602 -0.016463
v -0.019111 0.349036 -0.041309
v 0.019171 0.349036 -0.041309
v -0.024172 0.349036 -0.041309
v 0.024232 0.349036 -0.041309
v -0.024172 0.354670 -0.044390
v 0.024232 0.354670 -0.044390
v -0.019111 0.354670 -0.044390
v 0.019171 0.354670 -0.044390
v -0.016504 0.367497 -0.035266
v 0.016564 0.367497 -0.035266
v -0.016504 0.373267 -0.011141
v 0.016564 0.373267 -0.011141
v 0.000030 0.373267 -0.011141
v 0.000030 0.367497 -0.035266
v 0.000030 0.362712 -0.035266
v 0.000030 0.367237 -0.008270
v -0.016504 0.367237 -0.008270
v 0.016564 0.367237 -0.008270
v -0.016504 0.362712 -0.035266
v 0.016564 0.362712 -0.035266
v -0.016504 0.354193 -0.033065
v 0.016564 0.354193 -0.033065
v -0.016504 0.360920 -0.007121
v 0.016564 0.360920 -0.007121
v 0.000030 0.360920 -0.007121
v 0.000030 0.354193 -0.033065
v 0.000030 0.354185 -0.027554
v -0.012810 0.354185 -0.027554
v 0.012870 0.354185 -0.027554
v -0.012810 0.439253 -0.041477
v 0.012870 0.439253 -0.041477
v 0.000030 0.439253 -0.041477
v 0.000030 0.440559 -0.048318
v 0.000030 0.440624 -0.021516
v -0.016504 0.440624 -0.021516
v 0.016564 0.440624 -0.021516
v -0.016504 0.440559 -0.048318
v 0.016564 0.440559 -0.048318
v -0.016504 0.449357 -0.048332
v 0.016564 0.449357 -0.048332
v -0.016504 0.447028 -0.021058
v 0.016564 0.447028 -0.021058
v 0.000030 0.447028 -0.021058
v 0.000030 0.449357 -0.048332
v 0.000030 0.453992 -0.047142
v 0.000030 0.453582 -0.022339
v -0.016504 0.453582 -0.022339
v 0.016564 0.453582 -0.022339
v -0.016504 0.453992 -0.047142
v 0.016564 0.453992 -0.047142
v -0.019111 0.443836 -0.059168
v 0.019171 0.443836 -0.059168
v -0.024172 0.443836 -0.059168
v 0.024232 0.443836 -0.059168
v -0.024172 0.437614 -0.057585
v 0.024232 0.437614 -0.057585
v -0.019111 0.437614 -0.057585
v 0.019171 0.437614 -0.057585
v -0.012176 0.455598 -0.027384
v 0.012236 0.455598 -0.027384
v -0.012143 0.471731 -0.020856
v 0.012203 0.471731 -0.020856
v -0.012143 0.473132 -0.030595
v 0.012203 0.473132 -0.030595
v -0.018069 0.456383 -0.052183
v 0.018129 0.456383 -0.052183
v -0.022555 0.456383 -0.052183
v 0.022615 0.456383 -0.052183
v -0.022555 0.461913 -0.053523
v 0.022615 0.461913 -0.053523
v -0.018069 0.461913 -0.053523
v 0.018129 0.461913 -0.053523
v -0.015759 0.470793 -0.042764
v 0.015819 0.470793 -0.042764
v -0.015759 0.470181 -0.020787
v 0.015819 0.470181 -0.020787
v 0.000030 0.470181 -0.020787
v 0.000030 0.470793 -0.042764
v 0.000030 0.466697 -0.043865
v 0.000030 0.464359 -0.019717
v -0.015759 0.464359 -0.019717
v 0.015819 0.464359 -0.019717
v -0.015759 0.466697 -0.043865
v 0.015819 0.466697 -0.043865
v -0.015759 0.458900 -0.043940
v 0.015819 0.458900 -0.043940
v -0.015759 0.458688 -0.020187
v 0.015819 0.458688 -0.020187
v 0.000030 0.458688 -0.020187
v 0.000030 0.458900 -0.043940
v 0.000030 0.456633 -0.037840
v 0.000030 0.455492 -0.027408
v -0.012485 0.456633 -0.037840
v 0.012545 0.456633 -0.037840
v 0.000030 0.471774 -0.020889
v 0.000030 0.473280 -0.030484
v 0.000030 0.477208 -0.040425
v 0.000030 0.476237 -0.014389
v -0.016371 0.476237 -0.014389
v 0.016431 0.476237 -0.014389
v -0.016371 0.477208 -0.040425
v 0.016431 0.477208 -0.040425
v -0.016371 0.483949 -0.040104
v 0.016431 0.483949 -0.040104
v -0.016371 0.482430 -0.013422
v 0.016431 0.482430 -0.013422
v 0.000030 0.482430 -0.013422
v 0.000030 0.483949 -0.040104
v 0.000030 0.489003 -0.039365
v 0.000030 0.486585 -0.015271
v -0.016371 0.486585 -0.015271
v 0.016431 0.486585 -0.015271
v -0.016371 0.489003 -0.039365
v 0.016431 0.489003 -0.039365
v -0.018915 0.478620 -0.051282
v 0.018975 0.478620 -0.051282
v -0.023856 0.478620 -0.051282
v 0.023916 0.478620 -0.051282
v -0.023856 0.476063 -0.048358
v 0.023916 0.476063 -0.048358
v -0.018915 0.476063 -0.048358
v 0.018975 0.476063 -0.048358
v -0.012212 0.491341 -0.026623
v 0.012272 0.491341 -0.026623
v -0.012212 0.489181 -0.017010
v 0.012272 0.489181 -0.017010
v 0.000030 0.489181 -0.017010
v 0.000030 0.491341 -0.026623
v 0.000030 0.503441 -0.010935
v -0.012212 0.503441 -0.010935
v 0.012272 0.503441 -0.010935
v -0.018146 0.494299 -0.037673
v 0.018206 0.494299 -0.037673
v -0.022638 0.494299 -0.037673
v 0.022697 0.494299 -0.037673
v -0.022638 0.496928 -0.040031
v 0.022697 0.496928 -0.040031
v -0.018146 0.496928 -0.040031
v 0.018206 0.496928 -0.040031
v -0.015832 0.505662 -0.027410
v 0.015892 0.505662 -0.027410
v -0.015832 0.500835 -0.005930
v 0.015892 0.500835 -0.005930
v 0.000030 0.500835 -0.005930
v 0.000030 0.505662 -0.027410
v 0.000030 0.501182 -0.028631
v 0.000030 0.496882 -0.004718
v -0.015832 0.496882 -0.004718
v 0.015892 0.496882 -0.004718
v -0.015832 0.501182 -0.028631
v 0.015892 0.501182 -0.028631
v -0.015832 0.495133 -0.029661
v 0.015892 0.495133 -0.029661
v -0.015832 0.491400 -0.006270
v 0.015892 0.491400 -0.006270
v 0.000030 0.491400 -0.006270
v 0.000030 0.495133 -0.029661
v 0.000030 0.422304 -0.048050
v 0.000030 0.427808 -0.020213
v -0.016857 0.427808 -0.020213
v 0.016917 0.427808 -0.020213
v -0.016857 0.422304 -0.048050
v 0.016917 0.422304 -0.048050
v -0.016857 0.429529 -0.049401
v 0.016917 0.429529 -0.049401
v -0.016857 0.434614 -0.020742
v 0.016917 0.434614 -0.020742
v 0.000030 0.434614 -0.020742
v 0.000030 0.429529 -0.049401
v 0.000030 0.435071 -0.049886
v 0.000030 0.439051 -0.022802
v -0.016857 0.439051 -0.022802
v 0.016917 0.439051 -0.022802
v -0.016857 0.435071 -0.049886
v 0.016917 0.435071 -0.049886
v -0.019628 0.423444 -0.058203
v 0.019688 0.423444 -0.058203
v -0.025009 0.423444 -0.058203
v 0.025069 0.423444 -0.058203
v -0.025009 0.417357 -0.056370
v 0.025069 0.417357 -0.056370
v -0.019628 0.417357 -0.056370
v 0.019688 0.417357 -0.056370
v -0.012520 0.438822 -0.027328
v 0.012579 0.438822 -0.027328
v 0.000030 0.438822 -0.027328
v 0.000030 0.421193 -0.037013
v -0.012520 0.421193 -0.037013
v 0.012579 0.421193 -0.037013
v -0.012520 0.505609 -0.020937
v 0.012579 0.505609 -0.020937
v 0.000030 0.505609 -0.020937
v -0.019628 0.506147 -0.036438
v 0.019688 0.506147 -0.036438
v -0.025009 0.506147 -0.036438
v 0.025069 0.506147 -0.036438
v -0.025009 0.510110 -0.036649
v 0.025069 0.510110 -0.036649
v -0.019628 0.510110 -0.036649
v 0.019688 0.510110 -0.036649
v 0.000030 0.512957 -0.026696
v 0.000030 0.511320 0.002049
v -0.016857 0.511320 0.002049
v 0.016917 0.511320 0.002049
v -0.016857 0.512957 -0.026696
v 0.016917 0.512957 -0.026696
v -0.016857 0.508145 -0.027227
v 0.016917 0.508145 -0.027227
v -0.016857 0.505313 0.000900
v 0.016917 0.505313 0.000900
v 0.000030 0.505313 0.000900
v 0.000030 0.508145 -0.027227
v -0.016504 0.519694 -0.022472
v -0.016504 0.515717 0.004508
v -0.003825 0.346422 -0.039266
v 0.003885 0.346422 -0.039266
v 0.000030 0.346422 -0.039266
v 0.000030 0.348907 -0.039743
v -0.003825 0.348907 -0.039743
v 0.003885 0.348907 -0.039743
v -0.018775 0.347297 -0.045026
v 0.018835 0.347297 -0.045026
v -0.018144 0.347297 -0.048828
v 0.018204 0.347297 -0.048828
v -0.017674 0.344812 -0.048750
v 0.017734 0.344812 -0.048750
v -0.018304 0.344812 -0.044947
v 0.018364 0.344812 -0.044947
v -0.035555 0.334977 -0.043296
v 0.035615 0.334977 -0.043296
v -0.034925 0.334977 -0.045038
v 0.034984 0.334977 -0.045038
v -0.036722 0.340116 -0.045116
v 0.036782 0.340116 -0.045116
v -0.037352 0.340116 -0.043374
v 0.037412 0.340116 -0.043374
v -0.067136 0.322115 -0.014209
v 0.067196 0.322115 -0.014209
v -0.066505 0.322115 -0.016447
v 0.066565 0.322115 -0.016447
v -0.064211 0.315815 -0.016370
v 0.064270 0.315815 -0.016370
v -0.064841 0.315815 -0.014131
v 0.064901 0.315815 -0.014131
v -0.065979 0.302937 0.012144
v 0.066038 0.302937 0.012144
v -0.065677 0.303277 0.010528
v 0.065737 0.303277 0.010528
v -0.070177 0.305056 0.010472
v 0.070236 0.305056 0.010472
v -0.070479 0.304716 0.012088
v 0.070538 0.304716 0.012088
v -0.002693 0.362712 -0.039919
v 0.002753 0.362712 -0.039919
v 0.000030 0.362712 -0.039919
v 0.000030 0.367497 -0.039919
v -0.002693 0.367497 -0.039919
v 0.002753 0.367497 -0.039919
v -0.025454 0.361290 -0.045890
v 0.025515 0.361290 -0.045890
v -0.022731 0.361290 -0.048317
v 0.022791 0.361290 -0.048317
v -0.022731 0.356504 -0.048317
v 0.022791 0.356504 -0.048317
v -0.025454 0.356504 -0.045890
v 0.025515 0.356504 -0.045890
v -0.047264 0.344133 -0.038540
v 0.047324 0.344133 -0.038540
v -0.048651 0.344133 -0.039978
v 0.048711 0.344133 -0.039978
v -0.050567 0.351601 -0.039978
v 0.050627 0.351601 -0.039978
v -0.049180 0.351601 -0.038540
v 0.049240 0.351601 -0.038540
v -0.074564 0.325778 0.012111
v 0.074624 0.325778 0.012111
v -0.075950 0.325778 0.010674
v 0.076010 0.325778 0.010674
v -0.074035 0.318311 0.010674
v 0.074095 0.318311 0.010674
v -0.072648 0.318311 0.012111
v 0.072707 0.318311 0.012111
v -0.071253 0.302751 0.050514
v 0.071313 0.302751 0.050514
v -0.072640 0.302751 0.049076
v 0.072700 0.302751 0.049076
v -0.074556 0.310219 0.049076
v 0.074616 0.310219 0.049076
v -0.073169 0.310219 0.050514
v 0.073229 0.310219 0.050514
v -0.065441 0.307413 0.062471
v 0.065501 0.307413 0.062471
v -0.066585 0.307413 0.061286
v 0.066645 0.307413 0.061285
v -0.065005 0.301254 0.061286
v 0.065065 0.301254 0.061285
v -0.063861 0.301254 0.062471
v 0.063921 0.301254 0.062471
v -0.059085 0.308290 0.071141
v 0.059145 0.308290 0.071141
v -0.060229 0.308290 0.069955
v 0.060289 0.308290 0.069955
v -0.050892 0.321174 0.075942
v 0.050951 0.321174 0.075942
v -0.049748 0.321174 0.077128
v 0.049808 0.321174 0.077128
v -0.039289 0.333582 0.079093
v 0.039349 0.333582 0.079093
v -0.040433 0.333582 0.077907
v 0.040492 0.333582 0.077907
v -0.034062 0.341308 0.076005
v 0.034122 0.341308 0.076005
v -0.032918 0.341308 0.077190
v 0.032977 0.341308 0.077190
v -0.025597 0.350120 0.077753
v 0.025658 0.350120 0.077753
v -0.026742 0.350120 0.076567
v 0.026802 0.350120 0.076567
v -0.021490 0.352720 0.075715
v 0.021550 0.352720 0.075715
v -0.020346 0.352720 0.076901
v 0.020406 0.352720 0.076901
v -0.016750 0.357242 0.075871
v 0.016811 0.357242 0.075871
v -0.017894 0.357242 0.074685
v 0.017954 0.357242 0.074685
v -0.014691 0.364136 0.073509
v 0.014751 0.364136 0.073509
v -0.013547 0.364136 0.074694
v 0.013607 0.364136 0.074694
v -0.006299 0.370820 0.072350
v 0.006359 0.370820 0.072350
v -0.007443 0.370820 0.071164
v 0.007503 0.370820 0.071164
v -0.018460 0.375431 0.072382
v 0.018520 0.375431 0.072382
v -0.017316 0.375431 0.073568
v 0.017376 0.375431 0.073568
v -0.005016 0.384583 0.069178
v 0.005076 0.384583 0.069178
v -0.006160 0.384583 0.067992
v 0.006219 0.384583 0.067992
v -0.002759 0.385331 -0.043291
v 0.002819 0.385331 -0.043291
v 0.000030 0.385331 -0.043291
v 0.000030 0.380660 -0.043291
v -0.002759 0.380660 -0.043291
v 0.002819 0.380660 -0.043291
v -0.016424 0.379017 -0.055123
v 0.016484 0.379017 -0.055123
v -0.013067 0.379017 -0.052276
v 0.013127 0.379017 -0.052276
v -0.013067 0.383689 -0.052276
v 0.013127 0.383689 -0.052276
v -0.016424 0.383689 -0.055123
v 0.016484 0.383689 -0.055123
v -0.038353 0.373749 -0.046432
v 0.038413 0.373749 -0.046432
v -0.038103 0.373764 -0.043585
v 0.038163 0.373764 -0.043585
v -0.036142 0.369538 -0.043585
v 0.036202 0.369538 -0.043585
v -0.036611 0.369414 -0.046432
v 0.036671 0.369414 -0.046432
v -0.052939 0.357751 -0.028459
v 0.052999 0.357751 -0.028459
v -0.052470 0.357876 -0.025612
v 0.052529 0.357876 -0.025612
v -0.056027 0.364311 -0.025612
v 0.056087 0.364311 -0.025612
v -0.056277 0.364296 -0.028459
v 0.056337 0.364296 -0.028459
v -0.078620 0.352510 0.001593
v 0.078680 0.352510 0.001593
v -0.078370 0.352525 0.004440
v 0.078430 0.352525 0.004440
v -0.074813 0.346090 0.004440
v 0.074873 0.346090 0.004440
v -0.075283 0.345966 0.001593
v 0.075343 0.345966 0.001593
v -0.076613 0.330415 0.029305
v 0.076674 0.330415 0.029305
v -0.076184 0.330641 0.032152
v 0.076243 0.330641 0.032152
v -0.080100 0.337780 0.035425
v 0.080160 0.337780 0.035425
v -0.080341 0.337710 0.032578
v 0.080401 0.337710 0.032578
v -0.072014 0.317270 0.062539
v 0.072074 0.317270 0.062539
v -0.071773 0.317341 0.065386
v 0.071833 0.317341 0.065386
v -0.066932 0.316609 0.065386
v 0.066992 0.316609 0.065386
v -0.067362 0.316383 0.062539
v 0.067422 0.316383 0.062539
v -0.053206 0.324546 0.077160
v 0.053266 0.324546 0.077160
v -0.052062 0.324546 0.078346
v 0.052122 0.324546 0.078346
v -0.061400 0.311662 0.072359
v 0.061460 0.311662 0.072358
v -0.062543 0.311662 0.071173
v 0.062603 0.311662 0.071173
v -0.013741 0.396774 -0.051421
v 0.013801 0.396774 -0.051421
v -0.008426 0.396774 -0.054551
v 0.008486 0.396774 -0.054551
v -0.008610 0.398661 -0.054863
v 0.008670 0.398661 -0.054863
v -0.013925 0.398661 -0.051733
v 0.013985 0.398661 -0.051733
v -0.031338 0.397726 -0.044731
v 0.031398 0.397726 -0.044731
v -0.031697 0.397726 -0.046274
v 0.031756 0.397726 -0.046274
v -0.030916 0.392601 -0.045962
v 0.030976 0.392601 -0.045962
v -0.030558 0.392601 -0.044419
v 0.030617 0.392601 -0.044419
v -0.073181 0.372944 -0.008303
v 0.073241 0.372944 -0.008303
v -0.073540 0.372944 -0.009845
v 0.073600 0.372944 -0.009845
v -0.074406 0.380201 -0.010157
v 0.074466 0.380201 -0.010157
v -0.074047 0.380201 -0.008615
v 0.074107 0.380201 -0.008615
v -0.082292 0.366110 0.028448
v 0.082352 0.366110 0.028448
v -0.084322 0.366110 0.026905
v 0.084382 0.366110 0.026905
v -0.083457 0.358853 0.027217
v 0.083517 0.358853 0.027217
v -0.081427 0.358853 0.028760
v 0.081486 0.358853 0.028760
v -0.064543 0.336501 0.065800
v 0.064602 0.336501 0.065800
v -0.066723 0.336501 0.067628
v 0.066783 0.336501 0.067628
v -0.067588 0.343757 0.067316
v 0.067648 0.343757 0.067316
v -0.065408 0.343757 0.065488
v 0.065468 0.343757 0.065488
v -0.041934 0.346036 0.077223
v 0.041994 0.346036 0.077223
v -0.040790 0.346036 0.078408
v 0.040850 0.346036 0.078408
v -0.043230 0.338038 0.080311
v 0.043290 0.338038 0.080311
v -0.044374 0.338038 0.079126
v 0.044434 0.338038 0.079126
v -0.015917 0.417141 -0.050250
v 0.015977 0.417141 -0.050250
v -0.012871 0.417141 -0.054790
v 0.012931 0.417141 -0.054790
v -0.012781 0.415544 -0.054729
v 0.012840 0.415544 -0.054729
v -0.015826 0.415544 -0.050189
v 0.015886 0.415544 -0.050189
v -0.033520 0.410439 -0.043625
v 0.033580 0.410439 -0.043625
v -0.034116 0.410138 -0.045152
v 0.034176 0.410138 -0.045152
v -0.034116 0.416154 -0.045262
v 0.034176 0.416154 -0.045262
v -0.033520 0.417304 -0.043734
v 0.033580 0.417304 -0.043734
v -0.062634 0.405593 -0.028599
v 0.062694 0.405593 -0.028599
v -0.063230 0.404444 -0.030127
v 0.063290 0.404444 -0.030127
v -0.063230 0.398428 -0.030018
v 0.063290 0.398428 -0.030018
v -0.062634 0.398728 -0.028490
v 0.062694 0.398728 -0.028490
v -0.076018 0.382281 0.009569
v 0.076078 0.382281 0.009569
v -0.078141 0.381709 0.008041
v 0.078201 0.381709 0.008041
v -0.081347 0.386800 0.007932
v 0.081406 0.386800 0.007932
v -0.079676 0.388090 0.009460
v 0.079736 0.388090 0.009460
v -0.078834 0.379470 0.036421
v 0.078893 0.379470 0.036421
v -0.080859 0.378180 0.034893
v 0.080919 0.378180 0.034893
v -0.077653 0.373089 0.035002
v 0.077713 0.373089 0.035002
v -0.075175 0.373661 0.036530
v 0.075235 0.373661 0.036530
v -0.059593 0.357923 0.068356
v 0.059653 0.357923 0.068356
v -0.060969 0.356233 0.069937
v 0.061029 0.356233 0.069937
v -0.061803 0.363470 0.069828
v 0.061863 0.363470 0.069828
v -0.060427 0.364410 0.068246
v 0.060487 0.364410 0.068246
v -0.037868 0.360011 0.076933
v 0.037927 0.360011 0.076933
v -0.036724 0.360011 0.078119
v 0.036784 0.360011 0.078119
v -0.035504 0.355254 0.078971
v 0.035563 0.355254 0.078971
v -0.036647 0.355254 0.077786
v 0.036707 0.355254 0.077786
v -0.017005 0.433928 -0.058350
v 0.017065 0.433928 -0.058350
v -0.015950 0.433928 -0.060279
v 0.016009 0.433928 -0.060279
v -0.015798 0.430672 -0.060196
v 0.015858 0.430672 -0.060196
v -0.016854 0.430672 -0.058267
v 0.016914 0.430672 -0.058267
v -0.035000 0.420880 -0.040251
v 0.035060 0.420880 -0.040251
v -0.033945 0.420880 -0.043520
v 0.034004 0.420880 -0.043520
v -0.034917 0.428243 -0.043603
v 0.034977 0.428243 -0.043603
v -0.035973 0.428243 -0.040334
v 0.036033 0.428243 -0.040334
v -0.067752 0.413681 -0.012888
v 0.067811 0.413681 -0.012888
v -0.070684 0.413681 -0.012966
v 0.070744 0.413681 -0.012966
v -0.069711 0.406318 -0.012883
v 0.069771 0.406318 -0.012883
v -0.066779 0.406318 -0.012805
v 0.066839 0.406318 -0.012805
v -0.078599 0.395945 0.014445
v 0.078659 0.395945 0.014445
v -0.080888 0.396461 0.013625
v 0.080948 0.396461 0.013625
v -0.085335 0.402409 0.013543
v 0.085395 0.402409 0.013542
v -0.083046 0.401894 0.014363
v 0.083106 0.401894 0.014363
v -0.077256 0.392471 0.034405
v 0.077316 0.392471 0.034405
v -0.080069 0.392987 0.036210
v 0.080129 0.392987 0.036210
v -0.075622 0.387038 0.036293
v 0.075682 0.387038 0.036293
v -0.072810 0.386522 0.034488
v 0.072870 0.386522 0.034488
v -0.050253 0.377898 0.062056
v 0.050313 0.377898 0.062056
v -0.052691 0.379392 0.063861
v 0.052751 0.379392 0.063861
v -0.054144 0.387979 0.063436
v 0.054204 0.387979 0.063436
v -0.051706 0.386485 0.061631
v 0.051766 0.386485 0.061631
v -0.035385 0.388436 0.061631
v 0.035445 0.388436 0.061631
v -0.037824 0.389930 0.063436
v 0.037884 0.389930 0.063436
v -0.037725 0.380915 0.063861
v 0.037785 0.380915 0.063861
v -0.035287 0.379422 0.062056
v 0.035347 0.379422 0.062056
v -0.021707 0.381965 0.062210
v 0.021767 0.381965 0.062210
v -0.023601 0.383126 0.063612
v 0.023661 0.383126 0.063612
v -0.023375 0.390224 0.063282
v 0.023435 0.390224 0.063282
v -0.021481 0.389064 0.061880
v 0.021541 0.389064 0.061880
v -0.024565 0.368747 0.075912
v 0.024625 0.368747 0.075912
v -0.025709 0.368747 0.074726
v 0.025769 0.368747 0.074726
v -0.034272 0.364533 0.075903
v 0.034332 0.364533 0.075903
v -0.033128 0.364533 0.077089
v 0.033188 0.364533 0.077089
v 0.000030 0.383737 0.067960
v 0.000030 0.383737 0.066774
v 0.000030 0.370820 0.071164
v 0.000030 0.370820 0.072350
v 0.000030 0.366062 0.072350
v 0.000030 0.366062 0.071164
v -0.002115 0.366062 0.071164
v 0.002175 0.366062 0.071164
v -0.000971 0.366062 0.072350
v 0.001031 0.366062 0.072350
v -0.000622 0.363430 0.072350
v 0.000682 0.363430 0.072350
v -0.000730 0.363430 0.071164
v 0.000790 0.363430 0.071164
v 0.000030 0.363430 0.071164
v 0.000030 0.363430 0.072350
v 0.000030 0.388396 0.066774
v 0.000030 0.388396 0.067960
v -0.007420 0.389241 0.067992
v 0.007480 0.389241 0.067992
v -0.006276 0.389241 0.069178
v 0.006336 0.389241 0.069178
v -0.006715 0.393571 0.069178
v 0.006775 0.393571 0.069178
v -0.007859 0.393571 0.067992
v 0.007918 0.393571 0.067992
v 0.000030 0.392725 0.067960
v 0.000030 0.392725 0.066774
v 0.000030 0.397767 0.062467
v 0.000030 0.397767 0.063653
v -0.021234 0.451726 -0.053768
v 0.021294 0.451726 -0.053768
v -0.017317 0.451726 -0.059162
v 0.017377 0.451726 -0.059162
v -0.017705 0.446404 -0.059444
v 0.017765 0.446404 -0.059444
v -0.021622 0.446404 -0.054050
v 0.021682 0.446404 -0.054050
v -0.038773 0.434721 -0.033046
v 0.038833 0.434721 -0.033046
v -0.037964 0.434100 -0.038440
v 0.038023 0.434100 -0.038440
v -0.037575 0.439422 -0.038158
v 0.037635 0.439422 -0.038158
v -0.038385 0.440043 -0.032764
v 0.038445 0.440043 -0.032764
v -0.076334 0.424963 0.001812
v 0.076394 0.424963 0.001812
v -0.077460 0.424986 -0.000749
v 0.077519 0.424986 -0.000749
v -0.074427 0.420595 -0.001031
v 0.074487 0.420595 -0.001031
v -0.073301 0.420572 0.001530
v 0.073361 0.420572 0.001530
v -0.061211 0.408246 0.033333
v 0.061271 0.408246 0.033333
v -0.065414 0.406723 0.030910
v 0.065474 0.406723 0.030910
v -0.068446 0.411114 0.031192
v 0.068507 0.411114 0.031192
v -0.064244 0.412637 0.033615
v 0.064304 0.412637 0.033615
v -0.041706 0.406220 0.052603
v 0.041766 0.406220 0.052603
v -0.043047 0.403858 0.055427
v 0.043107 0.403858 0.055427
v -0.042086 0.399674 0.055145
v 0.042146 0.399674 0.055145
v -0.040745 0.402037 0.052322
v 0.040805 0.402037 0.052321
v -0.009009 0.398613 0.063685
v 0.009069 0.398613 0.063685
v -0.007866 0.398613 0.064871
v 0.007925 0.398613 0.064871
v -0.008513 0.406811 0.062948
v 0.008573 0.406811 0.062948
v -0.009657 0.406811 0.061762
v 0.009717 0.406811 0.061762
v 0.000030 0.405965 0.061730
v 0.000030 0.405965 0.060544
v 0.000030 0.411503 0.056527
v 0.000030 0.411503 0.057713
v -0.005917 0.412349 0.057746
v 0.005977 0.412349 0.057746
v -0.004773 0.412349 0.058931
v 0.004833 0.412349 0.058931
v 0.000030 0.415027 0.055498
v 0.000030 0.415027 0.054312
v 0.000030 0.424592 0.050342
v 0.000030 0.424592 0.051528
v 0.000030 0.431352 0.048374
v 0.000030 0.431352 0.047189
v 0.000030 0.439694 0.043804
v 0.000030 0.439694 0.044990
v 0.000030 0.445950 0.041297
v 0.000030 0.445950 0.040111
v 0.000030 0.455119 0.035803
v 0.000030 0.455119 0.036989
v -0.008237 0.466812 0.031514
v 0.008297 0.466812 0.031514
v -0.009381 0.466812 0.030329
v 0.009441 0.466812 0.030329
v 0.000030 0.465966 0.030296
v 0.000030 0.465966 0.029110
v -0.018794 0.466991 -0.046987
v 0.018854 0.466991 -0.046987
v -0.015455 0.466991 -0.053211
v 0.015515 0.466991 -0.053211
v -0.016798 0.471496 -0.057477
v 0.016858 0.471496 -0.057477
v -0.020760 0.470500 -0.048634
v 0.020820 0.470500 -0.048634
v -0.047366 0.455473 -0.013964
v 0.047426 0.455473 -0.013964
v -0.046466 0.454319 -0.018256
v 0.046526 0.454319 -0.018256
v -0.046766 0.450809 -0.018540
v 0.046826 0.450809 -0.018540
v -0.047665 0.451964 -0.014249
v 0.047725 0.451964 -0.014249
v -0.069529 0.433230 0.022117
v 0.069589 0.433230 0.022117
v -0.074197 0.432075 0.017824
v 0.074257 0.432075 0.017824
v -0.073898 0.435585 0.018109
v 0.073957 0.435585 0.018109
v -0.069230 0.436739 0.022401
v 0.069290 0.436739 0.022401
v -0.062736 0.430981 0.039073
v 0.062796 0.430981 0.039073
v -0.066757 0.429827 0.039634
v 0.066817 0.429827 0.039634
v -0.066835 0.423991 0.039350
v 0.066895 0.423991 0.039350
v -0.062814 0.425146 0.038789
v 0.062874 0.425146 0.038789
v -0.033570 0.421240 0.043120
v 0.033630 0.421240 0.043120
v -0.037591 0.420086 0.043680
v 0.037651 0.420086 0.043680
v -0.037513 0.425921 0.043965
v 0.037573 0.425921 0.043965
v -0.033492 0.427076 0.043404
v 0.033552 0.427076 0.043404
v -0.008506 0.425437 0.051561
v 0.008566 0.425437 0.051561
v -0.007362 0.425437 0.052746
v 0.007422 0.425437 0.052746
v -0.007866 0.415872 0.056716
v 0.007925 0.415872 0.056716
v -0.009009 0.415872 0.055530
v 0.009069 0.415872 0.055530
v -0.015195 0.488545 -0.042493
v 0.015255 0.488545 -0.042493
v -0.010802 0.488545 -0.050554
v 0.010862 0.488545 -0.050554
v -0.010991 0.484406 -0.046889
v 0.011051 0.484406 -0.046889
v -0.015384 0.484406 -0.042691
v 0.015444 0.484406 -0.042691
v -0.049165 0.466089 -0.007029
v 0.049225 0.466089 -0.007029
v -0.047171 0.465336 -0.009655
v 0.047231 0.465336 -0.009655
v -0.047376 0.464228 -0.015524
v 0.047435 0.464228 -0.015524
v -0.048793 0.465892 -0.011818
v 0.048853 0.465892 -0.011818
v -0.063505 0.450800 0.004342
v 0.063564 0.450800 0.004342
v -0.060447 0.449568 0.003166
v 0.060507 0.449568 0.003166
v -0.058141 0.449567 0.004458
v 0.058201 0.449567 0.004458
v -0.060807 0.452210 0.008258
v 0.060867 0.452210 0.008258
v -0.049472 0.445860 0.031345
v 0.049532 0.445860 0.031345
v -0.048098 0.445701 0.029622
v 0.048158 0.445701 0.029622
v -0.049784 0.441920 0.028677
v 0.049844 0.441920 0.028677
v -0.051611 0.442631 0.030128
v 0.051671 0.442631 0.030128
v -0.028757 0.438458 0.038323
v 0.028817 0.438458 0.038323
v -0.026053 0.437406 0.036175
v 0.026113 0.437406 0.036175
v -0.023557 0.443002 0.037574
v 0.023617 0.443002 0.037574
v -0.025591 0.443238 0.040126
v 0.025651 0.443238 0.040126
v -0.005924 0.440539 0.046207
v 0.005984 0.440539 0.046207
v -0.007068 0.440539 0.045022
v 0.007128 0.440539 0.045022
v -0.007283 0.432197 0.048406
v 0.007343 0.432197 0.048406
v -0.006140 0.432197 0.049592
v 0.006200 0.432197 0.049592
v -0.011921 0.501640 -0.032433
v 0.011981 0.501640 -0.032433
v -0.008870 0.501640 -0.035556
v 0.008930 0.501640 -0.035556
v -0.008629 0.505204 -0.035321
v 0.008689 0.505204 -0.035321
v -0.011681 0.505204 -0.032198
v 0.011741 0.505204 -0.032198
v -0.043906 0.489879 -0.017513
v 0.043965 0.489879 -0.017513
v -0.040854 0.489879 -0.020636
v 0.040914 0.489879 -0.020636
v -0.038199 0.486315 -0.020871
v 0.038259 0.486315 -0.020871
v -0.041251 0.486315 -0.017748
v 0.041311 0.486315 -0.017748
v -0.050250 0.468460 0.007225
v 0.050310 0.468460 0.007225
v -0.052209 0.468472 0.006641
v 0.052269 0.468472 0.006641
v -0.051969 0.472036 0.006876
v 0.052028 0.472036 0.006876
v -0.050009 0.472025 0.007461
v 0.050069 0.472025 0.007461
v -0.037734 0.461821 0.030750
v 0.037794 0.461821 0.030750
v -0.042297 0.459909 0.030384
v 0.042357 0.459909 0.030383
v -0.042538 0.456344 0.030149
v 0.042598 0.456344 0.030149
v -0.037974 0.458256 0.030516
v 0.038034 0.458256 0.030516
v -0.019910 0.451073 0.028322
v 0.019971 0.451073 0.028322
v -0.020951 0.449161 0.032780
v 0.021011 0.449161 0.032780
v -0.020683 0.452726 0.032577
v 0.020743 0.452726 0.032577
v -0.019642 0.454638 0.028119
v 0.019702 0.454638 0.028119
v -0.005725 0.455965 0.037021
v 0.005785 0.455965 0.037021
v -0.004581 0.455965 0.038207
v 0.004641 0.455965 0.038207
v -0.003982 0.446796 0.042515
v 0.004042 0.446796 0.042515
v -0.005126 0.446796 0.041329
v 0.005186 0.446796 0.041329
v 0.000030 0.493261 0.012340
v 0.000030 0.493261 0.013526
v -0.011810 0.494106 0.013558
v 0.011870 0.494106 0.013558
v -0.010666 0.494106 0.014744
v 0.010726 0.494106 0.014744
v -0.024229 0.488913 0.017125
v 0.024289 0.488913 0.017125
v -0.025373 0.488913 0.015940
v 0.025432 0.488913 0.015940
v -0.031378 0.478886 0.022191
v 0.031438 0.478886 0.022191
v -0.030234 0.478886 0.023377
v 0.030294 0.478886 0.023377
v -0.031419 0.486187 0.013398
v 0.031479 0.486187 0.013398
v -0.031419 0.486187 0.005593
v 0.031479 0.486187 0.005593
v -0.002982 0.486840 0.013065
v 0.003042 0.486840 0.013065
v -0.002982 0.486840 0.020870
v 0.003042 0.486840 0.020870
v -0.031354 0.491838 0.013398
v 0.031413 0.491838 0.013398
v -0.031354 0.491838 0.005593
v 0.031413 0.491838 0.005593
v -0.009445 0.493992 0.013065
v 0.009504 0.493992 0.013065
v -0.009445 0.493992 0.020870
v 0.009504 0.493992 0.020870
v -0.006572 0.480769 0.020870
v 0.006632 0.480769 0.020870
v -0.006572 0.480769 0.013065
v 0.006632 0.480769 0.013065
v -0.033247 0.481814 0.005593
v 0.033306 0.481814 0.005593
v -0.033247 0.481814 0.013398
v 0.033306 0.481814 0.013398
v -0.058775 0.484147 0.014422
v 0.058835 0.484147 0.014422
v -0.058775 0.484147 0.008130
v 0.058835 0.484147 0.008130
v -0.059335 0.492353 0.008130
v 0.059395 0.492353 0.008130
v -0.059335 0.492353 0.014422
v 0.059395 0.492353 0.014422
v -0.058238 0.487931 0.008130
v 0.058298 0.487931 0.008130
v -0.058238 0.487931 0.014422
v 0.058298 0.487931 0.014422
v -0.070708 0.488772 0.010037
v 0.070768 0.488772 0.010037
v -0.070708 0.488772 0.003744
v 0.070768 0.488772 0.003744
v -0.073588 0.492303 0.010037
v 0.073647 0.492303 0.010037
v -0.073588 0.492303 0.003744
v 0.073647 0.492303 0.003744
v -0.069580 0.485121 0.003744
v 0.069639 0.485121 0.003744
v -0.069580 0.485121 0.010037
v 0.069639 0.485121 0.010037
v -0.081014 0.479346 0.007113
v 0.081074 0.479346 0.007113
v -0.081014 0.479346 0.000821
v 0.081074 0.479346 0.000821
v -0.089784 0.481091 0.000821
v 0.089844 0.481091 0.000821
v -0.089784 0.481091 0.007113
v 0.089844 0.481091 0.007113
v -0.083828 0.481859 0.000821
v 0.083888 0.481859 0.000821
v -0.083828 0.481859 0.007113
v 0.083888 0.481859 0.007113
v 0.084008 0.473548 0.017504
v -0.083948 0.473548 0.017504
v 0.084008 0.473548 0.000754
v -0.083948 0.473548 0.000754
v 0.104658 0.482605 0.000754
v -0.104598 0.482605 0.000754
v 0.104658 0.482605 0.017504
v -0.104598 0.482605 0.017504
v 0.083070 0.484244 0.017504
v -0.083010 0.484244 0.017504
v 0.083070 0.476243 0.000754
v -0.083010 0.476243 0.000754
v 0.104025 0.485776 0.000754
v -0.103965 0.485776 0.000754
v 0.104025 0.489519 0.017504
v -0.103965 0.489519 0.017504
v 0.055685 0.477515 0.000754
v -0.055626 0.477515 0.000754
v 0.055685 0.481258 0.017504
v -0.055626 0.481258 0.017504
v 0.055685 0.474315 0.000754
v -0.055626 0.474315 0.000754
v 0.055685 0.474315 0.017504
v -0.055626 0.474315 0.017504
vn 0.6060 -0.7244 -0.3288
vn -0.6060 -0.7244 -0.3288
vn 0.7828 -0.5139 0.3510
vn -0.7828 -0.5139 0.3510
vn 0.6106 -0.4412 0.6577
vn -0.6106 -0.4412 0.6577
vn 0.6132 -0.6815 -0.3994
vn -0.6132 -0.6815 -0.3994
vn -0.0492 -0.8375 -0.5443
vn -0.0435 -0.5287 0.8477
vn -0.0000 -0.0000 1.0000
vn -0.0000 -0.4299 -0.9029
vn 0.6354 -0.3320 -0.6972
vn -0.6354 -0.3320 -0.6972
vn 0.6666 -0.0000 0.7454
vn -0.6666 -0.0000 0.7454
vn -0.5348 -0.7772 -0.3315
vn -0.6478 -0.6142 0.4506
vn -0.0000 0.9656 0.2600
vn -0.0000 0.2520 -0.9677
vn 0.6311 0.2771 -0.7246
vn -0.6311 0.2771 -0.7246
vn 0.7192 0.4431 -0.5351
vn -0.7192 0.4431 -0.5351
vn 0.7828 -0.2044 0.5878
vn -0.7828 -0.2044 0.5878
vn 0.6486 -0.3424 -0.6797
vn -0.6486 -0.3424 -0.6797
vn -0.0000 -0.4499 -0.8931
vn -0.0000 0.1356 0.9908
vn -0.0353 -0.4675 0.8833
vn -0.0291 -0.9305 -0.3652
vn 0.6250 -0.7340 -0.2659
vn -0.6250 -0.7340 -0.2659
vn 0.5957 -0.3957 0.6989
vn -0.5957 -0.3957 0.6989
vn -0.2306 0.2352 0.9442
vn 0.2306 0.2352 0.9442
vn 0.7524 0.2783 0.5970
vn -0.7524 0.2783 0.5970
vn 0.6516 0.6475 -0.3952
vn -0.6516 0.6475 -0.3952
vn -0.2612 0.9616 -0.0839
vn 0.2612 0.9616 -0.0839
vn -0.0969 -0.9679 0.2320
vn 0.0969 -0.9679 0.2320
vn -0.0759 -0.9401 0.3325
vn 0.0759 -0.9401 0.3325
vn -0.3187 -0.8762 0.3615
vn -0.3042 -0.9307 0.2032
vn 0.6303 0.7512 0.1958
vn -0.7326 0.6293 0.2592
vn 0.7326 0.6294 0.2592
vn 0.2164 -0.9497 -0.2265
vn -0.2164 -0.9497 -0.2265
vn -0.6952 -0.7182 -0.0284
vn 0.6952 -0.7182 -0.0284
vn -0.8024 0.2279 -0.5516
vn 0.8024 0.2279 -0.5516
vn 0.1679 0.1056 -0.9801
vn -0.1679 0.1056 -0.9801
vn -0.6914 0.4289 -0.5814
vn 0.6914 0.4289 -0.5814
vn -0.6252 0.6901 0.3645
vn 0.6252 0.6901 0.3645
vn 0.0495 0.8622 0.5041
vn 0.0512 0.9197 -0.3892
vn -0.0000 -0.6447 -0.7645
vn -0.0000 0.3508 0.9365
vn -0.6692 0.2607 0.6958
vn 0.6692 0.2607 0.6958
vn -0.8751 0.1751 -0.4512
vn 0.8751 0.1751 -0.4512
vn -0.6600 -0.5063 0.5550
vn 0.6600 -0.5063 0.5550
vn -0.6314 -0.2745 0.7252
vn 0.6314 -0.2745 0.7252
vn -0.0000 -0.2511 0.9680
vn -0.0000 -0.9071 -0.4210
vn -0.0000 -0.8818 -0.4717
vn -0.0000 -0.4537 0.8911
vn -0.6142 -0.3974 0.6817
vn 0.6142 -0.3974 0.6817
vn -0.6957 -0.6711 0.2559
vn 0.6957 -0.6711 0.2559
vn -0.9855 0.0872 -0.1455
vn 0.9855 0.0872 -0.1455
vn -0.6486 0.2579 0.7161
vn 0.6486 0.2579 0.7161
vn -0.0000 0.3388 0.9409
vn -0.0000 -0.2824 -0.9593
vn 0.0455 0.7500 -0.6599
vn 0.0636 0.8229 0.5647
vn -0.6531 0.6550 0.3800
vn 0.6531 0.6550 0.3800
vn -0.7271 0.6714 -0.1432
vn 0.7271 0.6714 -0.1432
vn 0.2125 0.0781 -0.9740
vn -0.2125 0.0781 -0.9740
vn -0.7538 -0.1378 -0.6425
vn 0.7538 -0.1378 -0.6425
vn -0.7143 -0.6719 0.1957
vn 0.7143 -0.6719 0.1957
vn 0.1975 -0.9365 -0.2898
vn -0.1975 -0.9365 -0.2898
vn 0.0454 0.9870 -0.1541
vn -0.0454 0.9870 -0.1541
vn 0.3090 0.9357 -0.1703
vn -0.2832 -0.9436 0.1716
vn -0.2962 -0.9465 0.1282
vn -0.0011 -0.9896 0.1441
vn 0.0011 -0.9896 0.1441
vn 0.0028 -0.9842 0.1768
vn -0.0028 -0.9842 0.1768
vn -0.2273 0.9661 0.1226
vn 0.2273 0.9661 0.1226
vn 0.7016 0.6536 -0.2840
vn -0.7016 0.6536 -0.2840
vn 0.7418 0.2184 0.6341
vn -0.7418 0.2184 0.6341
vn -0.2309 0.0785 0.9698
vn 0.2309 0.0785 0.9698
vn 0.7683 -0.5474 0.3317
vn -0.7683 -0.5474 0.3317
vn 0.6698 -0.6642 -0.3318
vn -0.6698 -0.6643 -0.3318
vn -0.0844 -0.8507 -0.5189
vn -0.0701 -0.6866 0.7237
vn -0.0000 0.4411 0.8975
vn 0.9585 -0.0878 0.2712
vn -0.9585 -0.0878 0.2713
vn 0.6714 0.6077 -0.4242
vn -0.6714 0.6077 -0.4242
vn 0.6527 0.2662 -0.7093
vn -0.6527 0.2662 -0.7093
vn -0.0000 0.0441 -0.9990
vn -0.0000 0.9760 0.2176
vn -0.6682 -0.6405 0.3785
vn -0.3103 -0.6439 -0.6994
vn 0.0093 0.9702 -0.2421
vn -0.0093 0.9702 -0.2421
vn 0.2982 0.9291 -0.2188
vn 0.2906 0.9274 -0.2355
vn -0.0000 0.9025 0.4307
vn -0.0000 0.3235 -0.9462
vn 0.6223 0.3141 -0.7170
vn -0.6223 0.3141 -0.7170
vn 0.6529 0.6106 -0.4482
vn -0.6529 0.6106 -0.4482
vn 0.8438 -0.3029 0.4429
vn -0.8438 -0.3029 0.4429
vn 0.6786 -0.2256 -0.6990
vn -0.6786 -0.2256 -0.6990
vn -0.0000 -0.3071 -0.9517
vn -0.0000 0.7287 0.6848
vn -0.0395 -0.9718 0.2324
vn -0.1712 -0.5421 -0.8227
vn 0.6792 -0.5774 -0.4532
vn -0.6792 -0.5774 -0.4532
vn 0.6719 -0.4650 0.5764
vn -0.6719 -0.4650 0.5764
vn -0.1740 -0.1443 0.9741
vn 0.1740 -0.1443 0.9741
vn 0.7816 -0.2022 0.5901
vn -0.7816 -0.2022 0.5901
vn 0.7141 0.6993 0.0312
vn -0.7141 0.6993 0.0312
vn -0.1936 0.9253 0.3260
vn 0.1936 0.9253 0.3260
vn 0.9042 -0.3592 0.2309
vn -0.9042 -0.3592 0.2309
vn 0.3919 -0.4782 -0.7860
vn -0.3919 -0.4782 -0.7860
vn 0.0076 0.9736 -0.2282
vn -0.0076 0.9736 -0.2282
vn 0.1958 -0.9248 -0.3261
vn -0.1958 -0.9248 -0.3261
vn -0.7141 -0.6994 -0.0312
vn 0.7141 -0.6994 -0.0312
vn -0.7816 0.2021 -0.5901
vn 0.7816 0.2021 -0.5901
vn 0.1762 0.1437 -0.9738
vn -0.1762 0.1437 -0.9738
vn -0.6804 0.4521 -0.5768
vn 0.6804 0.4521 -0.5768
vn -0.6399 0.6359 0.4314
vn 0.6399 0.6359 0.4314
vn 0.0808 0.7740 0.6280
vn 0.2995 0.9170 -0.2636
vn 0.3453 -0.6828 -0.6439
vn -0.0000 0.3071 0.9517
vn -0.6786 0.2256 0.6990
vn 0.6786 0.2256 0.6990
vn -0.8481 0.2969 -0.4389
vn 0.8481 0.2969 -0.4389
vn -0.6476 -0.6070 0.4606
vn 0.6476 -0.6070 0.4606
vn -0.6002 -0.3729 0.7077
vn 0.6002 -0.3729 0.7077
vn -0.0000 -0.4300 0.9029
vn -0.0000 -0.9070 -0.4211
vn 0.6237 0.5745 -0.5301
vn -0.7590 0.3929 -0.5192
vn 0.7590 0.3929 -0.5192
vn 0.7360 -0.4257 0.5264
vn -0.7360 -0.4257 0.5264
vn -0.6107 -0.6609 0.4361
vn -0.0000 0.7945 0.6072
vn -0.0000 0.6216 -0.7833
vn 0.6041 0.5305 -0.5947
vn -0.6041 0.5305 -0.5947
vn 0.6387 0.7067 -0.3045
vn -0.6387 0.7067 -0.3045
vn 0.9540 0.0590 -0.2940
vn -0.9540 0.0590 -0.2940
vn 0.6786 -0.0447 -0.7332
vn -0.6786 -0.0447 -0.7332
vn -0.0000 -0.0608 -0.9981
vn -0.0000 -0.0053 1.0000
vn -0.0524 -0.8055 0.5903
vn -0.0623 -0.6400 -0.7658
vn 0.6370 -0.5285 -0.5612
vn -0.6370 -0.5285 -0.5612
vn 0.6389 -0.7693 -0.0013
vn -0.6389 -0.7693 -0.0013
vn -0.1762 -0.3813 0.9075
vn 0.1762 -0.3813 0.9075
vn 0.7816 -0.3425 0.5213
vn -0.7816 -0.3425 0.5213
vn 0.7141 0.6696 0.2041
vn -0.7141 0.6696 0.2041
vn -0.1958 0.8147 0.5458
vn 0.1958 0.8147 0.5458
vn 0.7125 -0.5151 -0.4764
vn -0.7125 -0.5151 -0.4764
vn 0.5162 0.0481 -0.8551
vn -0.5161 0.0482 -0.8552
vn 0.8475 -0.4862 0.2129
vn -0.8475 -0.4863 0.2129
vn -0.1853 0.8108 0.5552
vn 0.1853 0.8108 0.5552
vn 0.7141 0.6673 0.2117
vn -0.7141 0.6673 0.2117
vn 0.7816 -0.3484 0.5174
vn -0.7816 -0.3484 0.5174
vn -0.1660 -0.3945 0.9038
vn 0.1660 -0.3945 0.9038
vn 0.6342 -0.7567 -0.1587
vn -0.6342 -0.7567 -0.1586
vn 0.7108 -0.4352 -0.5526
vn -0.7108 -0.4352 -0.5526
vn -0.2296 -0.1141 -0.9666
vn -0.0470 -0.8156 0.5767
vn -0.0000 0.1813 0.9834
vn -0.0000 -0.0495 -0.9988
vn 0.6786 -0.0364 -0.7336
vn -0.6786 -0.0364 -0.7336
vn 0.9816 0.1159 -0.1515
vn -0.9816 0.1159 -0.1515
vn 0.6683 0.6965 -0.2612
vn -0.6683 0.6965 -0.2612
vn 0.6131 0.4995 -0.6120
vn -0.6131 0.4995 -0.6120
vn -0.0000 0.5823 -0.8130
vn -0.0000 0.7274 0.6862
vn -0.6088 -0.7073 0.3593
vn -0.5681 -0.6261 -0.5341
vn 0.8270 -0.4798 0.2930
vn -0.8270 -0.4798 0.2930
vn -0.3131 -0.1219 -0.9419
vn -0.6195 -0.7288 0.2917
vn -0.0000 0.7576 0.6528
vn -0.0000 0.5312 -0.8473
vn 0.6362 0.4798 -0.6042
vn -0.6362 0.4798 -0.6042
vn 0.6749 0.7174 -0.1727
vn -0.6749 0.7174 -0.1727
vn 0.9718 -0.1740 0.1591
vn -0.9718 -0.1740 0.1591
vn 0.6486 -0.1001 -0.7545
vn -0.6486 -0.1001 -0.7545
vn -0.0000 -0.1315 -0.9913
vn -0.0000 0.2740 0.9617
vn -0.0578 -0.8161 0.5749
vn -0.1393 -0.4786 -0.8669
vn 0.7021 -0.4815 -0.5246
vn -0.7021 -0.4815 -0.5246
vn 0.7266 -0.6671 0.1646
vn -0.7266 -0.6671 0.1646
vn -0.1844 -0.2349 0.9544
vn 0.1844 -0.2349 0.9544
vn 0.7854 0.0466 0.6172
vn -0.7854 0.0466 0.6172
vn 0.7020 0.7030 -0.1142
vn -0.7020 0.7030 -0.1142
vn -0.1740 0.8783 0.4454
vn 0.1740 0.8783 0.4454
vn 0.0013 -0.9648 -0.2631
vn -0.0013 -0.9648 -0.2631
vn -0.0727 -0.9513 -0.2997
vn 0.0727 -0.9513 -0.2997
vn -0.2750 -0.9110 -0.3075
vn -0.3061 -0.9075 -0.2876
vn 0.6042 0.5787 0.5478
vn -0.6756 0.4725 0.5659
vn 0.6756 0.4725 0.5659
vn 0.1826 -0.8378 -0.5146
vn -0.1826 -0.8378 -0.5146
vn -0.6948 -0.7188 0.0225
vn 0.6948 -0.7188 0.0225
vn -0.7720 0.0385 -0.6344
vn 0.7720 0.0384 -0.6344
vn 0.1874 0.3308 -0.9249
vn -0.1874 0.3308 -0.9249
vn -0.7100 0.6715 -0.2122
vn 0.7100 0.6715 -0.2122
vn -0.6343 0.5212 0.5709
vn 0.6343 0.5212 0.5709
vn 0.0446 0.6391 0.7678
vn 0.0395 0.9176 -0.3955
vn -0.0000 -0.0294 -0.9996
vn -0.0000 0.0108 0.9999
vn -0.6486 0.0082 0.7611
vn 0.6486 0.0082 0.7611
vn -0.9333 0.2725 -0.2339
vn 0.9333 0.2725 -0.2339
vn -0.7394 -0.6689 0.0767
vn 0.7394 -0.6689 0.0768
vn -0.6122 -0.5998 0.5151
vn 0.6122 -0.5998 0.5151
vn -0.0000 -0.7322 0.6811
vn -0.0000 -0.5232 -0.8522
vn -0.0000 0.8510 0.5252
vn -0.0000 0.3667 -0.9303
vn 0.6271 0.3529 -0.6944
vn -0.6271 0.3529 -0.6944
vn 0.6388 0.6300 -0.4415
vn -0.6388 0.6300 -0.4415
vn 0.9898 -0.0794 0.1179
vn -0.9898 -0.0794 0.1179
vn 0.6692 -0.1882 -0.7188
vn -0.6692 -0.1882 -0.7188
vn -0.0000 -0.2533 -0.9674
vn -0.0000 0.1916 0.9815
vn -0.0560 -0.6796 0.7314
vn -0.0183 -0.8561 -0.5164
vn 0.6480 -0.6500 -0.3969
vn -0.6480 -0.6500 -0.3969
vn 0.7315 -0.6638 0.1560
vn -0.7315 -0.6638 0.1560
vn -0.1582 -0.2856 0.9452
vn 0.1582 -0.2856 0.9452
vn 0.7957 -0.3313 0.5071
vn -0.7957 -0.3313 0.5071
vn 0.7225 0.6794 0.1282
vn -0.7225 0.6794 0.1282
vn -0.1871 0.8924 0.4107
vn 0.1871 0.8924 0.4107
vn 0.7225 -0.6758 -0.1458
vn -0.7225 -0.6758 -0.1458
vn -0.6702 -0.7175 -0.1898
vn 0.2946 0.9494 -0.1088
vn 0.0562 0.9907 -0.1236
vn -0.0562 0.9907 -0.1236
vn -0.7919 0.6069 -0.0684
vn 0.7918 0.6069 -0.0684
vn 0.6610 0.7424 -0.1089
vn 0.1806 -0.7381 -0.6500
vn -0.0000 -0.9773 0.2120
vn -0.7220 -0.6279 -0.2906
vn -0.7962 0.4469 -0.4079
vn -0.0000 0.9614 -0.2750
vn 0.1574 0.5460 -0.8228
vn 0.3176 0.5129 -0.7975
vn -0.0000 -0.1879 0.9822
vn -0.9111 -0.0460 0.4097
vn 0.6754 -0.1385 0.7243
vn -0.8570 0.5127 0.0510
vn 0.5873 0.7782 -0.2226
vn -0.6357 -0.7339 0.2394
vn 0.4507 -0.8926 0.0099
vn -0.5988 -0.5952 0.5359
vn 0.5988 -0.5952 0.5359
vn -0.0000 -0.7184 0.6956
vn 0.1627 -0.8174 -0.5527
vn -0.9982 0.0596 0.0060
vn -0.2064 -0.9757 -0.0734
vn 0.2064 -0.9757 -0.0734
vn -0.0000 -0.7832 -0.6218
vn -0.0000 0.7281 -0.6855
vn -0.2600 0.9543 -0.1476
vn 0.2600 0.9543 -0.1476
vn -0.2674 0.7911 0.5501
vn 0.2674 0.7911 0.5501
vn -0.0258 0.6142 -0.7887
vn 0.0258 0.6142 -0.7887
vn 0.2775 -0.6060 -0.7455
vn -0.2776 -0.6060 -0.7455
vn 0.1161 -0.6312 0.7668
vn -0.1160 -0.6313 0.7668
vn 0.6439 -0.4345 0.6297
vn -0.6439 -0.4344 0.6298
vn 0.0427 -0.7519 -0.6579
vn -0.0428 -0.7519 -0.6579
vn -0.5416 0.4614 -0.7027
vn 0.5416 0.4614 -0.7027
vn -0.2704 0.8208 0.5032
vn 0.2704 0.8208 0.5032
vn -0.5948 0.5814 0.5552
vn 0.5948 0.5814 0.5552
vn -0.8449 0.1478 -0.5140
vn 0.8449 0.1479 -0.5140
vn -0.0389 -0.9299 -0.3657
vn 0.0388 -0.9300 -0.3656
vn 0.8234 0.3591 0.4393
vn -0.8234 0.3591 0.4393
vn 0.7646 -0.5910 0.2572
vn -0.7646 -0.5909 0.2573
vn 0.6939 -0.6991 -0.1725
vn -0.6938 -0.6992 -0.1725
vn -0.7838 -0.5353 -0.3150
vn 0.7838 -0.5352 -0.3149
vn 0.5322 -0.7607 0.3716
vn -0.5322 -0.7606 0.3718
vn -0.0992 -0.9711 0.2169
vn 0.0992 -0.9711 0.2169
vn 0.2979 -0.7476 -0.5936
vn 0.3101 0.7784 -0.5458
vn -0.2203 0.9542 -0.2023
vn 0.2203 0.9542 -0.2023
vn -0.2986 0.7937 0.5301
vn 0.2986 0.7937 0.5300
vn -0.0525 0.5377 -0.8415
vn 0.0525 0.5377 -0.8415
vn 0.1423 -0.7166 -0.6828
vn -0.1423 -0.7166 -0.6828
vn 0.3151 -0.5662 0.7617
vn -0.3151 -0.5662 0.7617
vn 0.7034 -0.5843 0.4049
vn -0.7034 -0.5843 0.4049
vn -0.2599 -0.6949 -0.6705
vn 0.2600 -0.6949 -0.6705
vn -0.6520 0.5089 -0.5621
vn 0.6520 0.5089 -0.5621
vn 0.0381 0.8301 0.5562
vn -0.0380 0.8302 0.5562
vn 0.3066 0.8177 0.4872
vn -0.3066 0.8177 0.4872
vn -0.9036 0.4255 -0.0499
vn 0.9036 0.4255 -0.0499
vn -0.4995 -0.7669 -0.4029
vn 0.4995 -0.7669 -0.4029
vn 0.8665 -0.4912 -0.0894
vn -0.8665 -0.4912 -0.0894
vn 0.7654 -0.5093 -0.3933
vn -0.7654 -0.5093 -0.3933
vn -0.5117 -0.8588 -0.0269
vn 0.5117 -0.8587 -0.0269
vn -0.8875 0.3214 0.3303
vn 0.8875 0.3214 0.3303
vn 0.3014 0.8982 0.3199
vn -0.3014 0.8982 0.3199
vn 0.6870 0.5040 -0.5235
vn -0.6870 0.5040 -0.5235
vn -0.7719 0.2380 0.5895
vn 0.7719 0.2380 0.5895
vn -0.3675 -0.9059 0.2106
vn 0.3674 -0.9059 0.2105
vn 0.5831 -0.6693 0.4606
vn -0.5830 -0.6692 0.4607
vn -0.3169 0.9323 -0.1743
vn 0.3170 0.9323 -0.1743
vn -0.6244 -0.3035 0.7197
vn 0.6244 -0.3035 0.7197
vn -0.3948 -0.0257 0.9184
vn 0.3948 -0.0257 0.9184
vn -0.6317 0.6846 -0.3635
vn 0.6317 0.6846 -0.3636
vn -0.6992 0.5669 -0.4357
vn 0.6992 0.5668 -0.4357
vn -0.2782 0.2630 0.9238
vn 0.2782 0.2631 0.9238
vn -0.2434 0.3077 0.9198
vn 0.2434 0.3077 0.9198
vn -0.7619 0.5578 -0.3292
vn 0.7619 0.5578 -0.3292
vn -0.5306 0.6080 -0.5906
vn 0.5306 0.6080 -0.5906
vn -0.2182 0.3613 0.9066
vn 0.2183 0.3613 0.9065
vn -0.2207 0.5625 0.7968
vn 0.2207 0.5625 0.7968
vn -0.6661 0.5955 -0.4491
vn 0.6661 0.5955 -0.4491
vn -0.8178 0.4300 -0.3826
vn 0.8178 0.4300 -0.3826
vn -0.3011 0.3616 0.8824
vn 0.3011 0.3616 0.8824
vn -0.2173 0.3582 0.9080
vn 0.2173 0.3582 0.9080
vn -0.7320 0.4589 -0.5035
vn 0.7320 0.4589 -0.5035
vn 0.0032 0.2569 -0.9664
vn -0.0032 0.2569 -0.9664
vn 0.0274 0.5089 0.8604
vn -0.0274 0.5089 0.8604
vn 0.6562 -0.5821 0.4801
vn -0.6562 -0.5821 0.4801
vn 0.1684 -0.5491 -0.8186
vn -0.1684 -0.5491 -0.8186
vn 0.1012 -0.2124 -0.9719
vn -0.1013 -0.2124 -0.9719
vn 0.7834 -0.1761 0.5960
vn -0.7834 -0.1761 0.5961
vn 0.1937 -0.9525 0.2350
vn -0.1937 -0.9525 0.2350
vn -0.0000 -0.8305 0.5570
vn -0.0000 0.8779 0.4788
vn 0.3574 0.9270 -0.1141
vn -0.3574 0.9269 -0.1141
vn 0.2337 -0.4726 -0.8498
vn -0.2337 -0.4726 -0.8497
vn 0.2409 0.7086 0.6633
vn -0.2409 0.7086 0.6632
vn -0.3196 -0.3804 0.8678
vn 0.3196 -0.3804 0.8678
vn 0.0060 0.6657 -0.7462
vn -0.0060 0.6657 -0.7462
vn -0.6367 0.5163 -0.5727
vn 0.6367 0.5163 -0.5727
vn -0.0034 0.7936 0.6085
vn 0.0034 0.7936 0.6085
vn 0.6740 -0.5277 0.5170
vn -0.6739 -0.5277 0.5170
vn -0.1070 -0.6983 -0.7078
vn 0.1070 -0.6983 -0.7078
vn -0.1018 -0.8403 -0.5325
vn 0.1018 -0.8403 -0.5325
vn 0.7855 -0.4231 0.4516
vn -0.7855 -0.4231 0.4516
vn 0.1197 0.8631 0.4906
vn -0.1197 0.8631 0.4906
vn -0.7785 0.3974 -0.4858
vn 0.7785 0.3974 -0.4858
vn -0.9023 0.3095 -0.3001
vn 0.9023 0.3095 -0.3001
vn -0.2594 0.8224 0.5063
vn 0.2594 0.8224 0.5063
vn 0.9779 -0.0288 0.2070
vn -0.9779 -0.0288 0.2069
vn -0.3132 -0.8617 -0.3993
vn 0.3132 -0.8617 -0.3993
vn 0.1155 -0.9080 -0.4027
vn -0.1155 -0.9080 -0.4027
vn 0.9281 0.3709 0.0312
vn -0.9281 0.3709 0.0312
vn -0.3983 0.6912 0.6030
vn 0.3983 0.6912 0.6030
vn -0.9838 -0.1679 -0.0622
vn 0.9838 -0.1679 -0.0622
vn -0.7924 -0.6054 -0.0742
vn 0.7924 -0.6054 -0.0742
vn -0.5877 -0.1726 0.7905
vn 0.5877 -0.1726 0.7905
vn -0.3293 0.8009 0.5001
vn 0.3293 0.8009 0.5001
vn 0.8043 -0.2016 -0.5590
vn -0.8043 -0.2016 -0.5590
vn -0.1902 0.2389 0.9522
vn 0.1902 0.2390 0.9522
vn 0.1824 0.1584 -0.9704
vn -0.1824 0.1584 -0.9704
vn -0.0437 0.8057 -0.5907
vn 0.0436 0.8057 -0.5907
vn -0.0387 -0.9609 0.2743
vn 0.0388 -0.9608 0.2744
vn 0.0519 0.9460 -0.3201
vn -0.0518 0.9460 -0.3201
vn -0.2382 0.5948 0.7678
vn 0.2382 0.5948 0.7678
vn -0.1828 -0.4877 0.8536
vn 0.1828 -0.4877 0.8536
vn 0.2321 -0.9716 -0.0459
vn -0.2321 -0.9716 -0.0458
vn -0.1335 -0.8216 -0.5542
vn 0.1335 -0.8216 -0.5542
vn 0.4654 -0.6119 0.6395
vn -0.4653 -0.6119 0.6395
vn 0.1751 0.7707 0.6126
vn -0.1752 0.7707 0.6126
vn -0.5652 0.5423 -0.6216
vn 0.5652 0.5423 -0.6216
vn -0.7872 0.5979 -0.1514
vn 0.7871 0.5979 -0.1514
vn 0.4454 0.7395 0.5048
vn -0.4454 0.7395 0.5048
vn 0.7734 -0.5167 0.3673
vn -0.7734 -0.5167 0.3673
vn -0.2214 -0.8131 -0.5384
vn 0.2214 -0.8131 -0.5384
vn -0.5327 -0.7667 -0.3584
vn 0.5327 -0.7667 -0.3584
vn 0.8512 -0.5027 -0.1507
vn -0.8512 -0.5027 -0.1507
vn 0.6727 0.7278 0.1335
vn -0.6727 0.7278 0.1335
vn -0.7073 0.5800 0.4041
vn 0.7073 0.5800 0.4041
vn -0.3708 0.7559 0.5395
vn 0.3708 0.7559 0.5395
vn 0.5557 0.7283 -0.4010
vn -0.5557 0.7283 -0.4010
vn 0.6091 -0.5153 -0.6029
vn -0.6091 -0.5153 -0.6029
vn -0.5853 -0.7628 0.2749
vn 0.5853 -0.7628 0.2749
vn 0.1795 -0.6611 0.7285
vn -0.1795 -0.6611 0.7285
vn 0.2560 -0.2227 -0.9407
vn -0.2560 -0.2227 -0.9407
vn 0.1461 -0.0466 -0.9882
vn -0.1461 -0.0466 -0.9882
vn 0.2406 0.5697 0.7858
vn -0.2406 0.5698 0.7858
vn -0.2972 0.9470 0.1220
vn 0.2972 0.9470 0.1220
vn 0.0729 0.5403 -0.8383
vn -0.0728 0.5403 -0.8383
vn 0.1386 -0.5558 -0.8197
vn -0.1386 -0.5558 -0.8197
vn -0.1141 -0.9356 0.3342
vn 0.1141 -0.9355 0.3343
vn 0.4905 -0.5835 0.6473
vn -0.4905 -0.5835 0.6473
vn -0.0802 -0.7465 -0.6605
vn 0.0802 -0.7465 -0.6605
vn -0.4460 0.5484 -0.7073
vn 0.4460 0.5484 -0.7073
vn 0.0543 0.8545 0.5166
vn -0.0544 0.8545 0.5166
vn -0.1054 0.8765 0.4697
vn 0.1054 0.8765 0.4697
vn -0.7286 0.3487 -0.5895
vn 0.7286 0.3487 -0.5895
vn -0.3085 -0.7525 -0.5818
vn 0.3085 -0.7525 -0.5819
vn 0.7723 -0.5515 0.3152
vn -0.7723 -0.5516 0.3152
vn 0.9321 -0.3622 0.0077
vn -0.9321 -0.3622 0.0077
vn -0.3429 -0.8634 -0.3700
vn 0.3429 -0.8634 -0.3700
vn -0.9705 0.1738 -0.1671
vn 0.9705 0.1738 -0.1671
vn 0.0178 0.9285 0.3709
vn -0.0178 0.9285 0.3709
vn 0.1586 0.9148 0.3715
vn -0.1586 0.9148 0.3715
vn -0.9576 0.1677 0.2344
vn 0.9576 0.1677 0.2344
vn -0.4475 -0.8853 -0.1265
vn 0.4475 -0.8853 -0.1265
vn 0.8740 -0.2474 -0.4182
vn -0.8740 -0.2475 -0.4182
vn 0.6617 0.2220 0.7162
vn -0.6617 0.2220 0.7162
vn -0.1571 0.0266 -0.9872
vn 0.1571 0.0266 -0.9872
vn -0.8675 -0.4656 -0.1750
vn 0.8675 -0.4656 -0.1750
vn 0.3151 0.3050 0.8987
vn -0.3151 0.3050 0.8987
vn 0.0487 -0.7601 0.6480
vn -0.0487 -0.7601 0.6480
vn 0.2411 -0.3294 -0.9129
vn -0.2411 -0.3294 -0.9129
vn 0.1196 -0.0316 -0.9923
vn -0.1195 -0.0316 -0.9923
vn 0.1881 0.3298 0.9251
vn -0.1881 0.3298 0.9251
vn 0.3551 -0.9337 -0.0464
vn -0.3551 -0.9337 -0.0464
vn 0.0660 -0.5419 0.8378
vn -0.0660 -0.5419 0.8378
vn 0.0054 0.5788 0.8155
vn -0.0055 0.5788 0.8155
vn -0.2539 0.8932 -0.3710
vn 0.2539 0.8932 -0.3710
vn -0.6820 0.5620 -0.4680
vn 0.6820 0.5620 -0.4680
vn 0.0520 0.8294 0.5562
vn -0.0520 0.8294 0.5562
vn 0.6511 -0.5281 0.5452
vn -0.6511 -0.5281 0.5452
vn -0.2534 -0.7473 -0.6143
vn 0.2534 -0.7473 -0.6143
vn -0.3003 -0.7621 -0.5737
vn 0.3003 -0.7621 -0.5737
vn 0.7078 -0.6200 0.3386
vn -0.7078 -0.6200 0.3386
vn 0.4475 0.6755 0.5860
vn -0.4475 0.6755 0.5860
vn -0.7102 0.6398 -0.2938
vn 0.7102 0.6398 -0.2938
vn -0.7863 0.6009 0.1433
vn 0.7863 0.6009 0.1433
vn 0.5723 0.7488 0.3342
vn -0.5723 0.7488 0.3342
vn 0.8719 -0.4893 -0.0181
vn -0.8719 -0.4893 -0.0181
vn -0.4574 -0.7981 -0.3922
vn 0.4574 -0.7981 -0.3922
vn -0.5757 -0.8176 0.0089
vn 0.5757 -0.8176 0.0089
vn 0.7889 -0.4778 -0.3864
vn -0.7889 -0.4779 -0.3864
vn 0.6504 0.7434 -0.1560
vn -0.6504 0.7434 -0.1560
vn -0.4786 0.6470 0.5936
vn 0.4786 0.6470 0.5936
vn -0.2014 0.9472 0.2494
vn 0.2014 0.9472 0.2494
vn 0.3534 0.5985 -0.7190
vn -0.3534 0.5985 -0.7190
vn 0.3404 -0.6498 -0.6796
vn -0.3404 -0.6498 -0.6796
vn -0.2860 -0.5910 0.7543
vn 0.2860 -0.5910 0.7542
vn 0.0149 -0.3929 0.9195
vn -0.0149 -0.3929 0.9195
vn 0.0803 -0.9275 -0.3651
vn -0.0803 -0.9275 -0.3652
vn 0.2249 0.1866 -0.9564
vn -0.2249 0.1866 -0.9564
vn 0.2173 0.5066 0.8344
vn -0.2173 0.5066 0.8344
vn -0.5637 0.5747 0.5933
vn 0.5637 0.5747 0.5933
vn -0.2452 -0.0034 -0.9695
vn 0.2452 -0.0034 -0.9695
vn 0.2135 -0.9094 -0.3568
vn -0.2135 -0.9094 -0.3568
vn -0.1253 -0.4319 0.8932
vn 0.1253 -0.4319 0.8932
vn -0.0493 -0.4447 -0.8943
vn 0.0493 -0.4447 -0.8943
vn -0.2772 0.2120 0.9372
vn 0.2772 0.2120 0.9372
vn 0.7211 0.1735 0.6708
vn -0.7211 0.1735 0.6708
vn 0.3023 -0.3298 -0.8943
vn -0.3023 -0.3298 -0.8943
vn -0.3021 -0.1360 -0.9435
vn -0.2017 0.1389 0.9696
vn -0.2928 0.1559 0.9434
vn -0.1966 -0.1599 -0.9674
vn -0.0000 -0.0000 -1.0000
vn 0.6735 0.5036 0.5411
vn -0.6735 0.5036 0.5411
vn 0.3527 0.1969 -0.9148
vn -0.3527 0.1969 -0.9148
vn 0.3834 0.6076 -0.6956
vn -0.3834 0.6076 -0.6956
vn 0.5043 0.7108 0.4903
vn -0.5043 0.7108 0.4903
vn -0.0000 0.7071 0.7071
vn -0.0000 0.7071 -0.7071
vn -0.0000 0.0169 0.9999
vn -0.0000 -0.0204 -0.9998
vn 0.0507 0.6990 0.7133
vn -0.0508 0.6990 0.7133
vn 0.1794 0.1207 -0.9763
vn -0.1794 0.1207 -0.9763
vn 0.1148 -0.4097 -0.9049
vn -0.1148 -0.4098 -0.9049
vn 0.3549 -0.4720 0.8070
vn -0.3549 -0.4720 0.8070
vn -0.0000 -0.3476 -0.9377
vn -0.0000 0.3473 0.9378
vn -0.2931 0.4432 0.8471
vn -0.2240 -0.4534 -0.8627
vn 0.6508 -0.7457 -0.1426
vn -0.6508 -0.7457 -0.1427
vn 0.0902 -0.6085 0.7884
vn -0.0902 -0.6085 0.7884
vn 0.1339 0.6183 0.7745
vn -0.1339 0.6183 0.7745
vn -0.5179 0.6149 -0.5947
vn 0.5179 0.6149 -0.5947
vn -0.7271 0.4818 -0.4890
vn 0.7271 0.4818 -0.4890
vn 0.0066 0.8622 0.5065
vn -0.0065 0.8622 0.5065
vn 0.7644 -0.3415 0.5468
vn -0.7644 -0.3415 0.5468
vn -0.2833 -0.7931 -0.5392
vn 0.2833 -0.7931 -0.5392
vn 0.0917 -0.8650 -0.4934
vn -0.0917 -0.8650 -0.4934
vn 0.8873 -0.3636 0.2838
vn -0.8873 -0.3636 0.2838
vn 0.4351 0.8308 0.3470
vn -0.4351 0.8308 0.3470
vn -0.9575 0.2876 0.0204
vn 0.9575 0.2876 0.0204
vn -0.7416 0.1619 0.6510
vn 0.7416 0.1619 0.6510
vn 0.2734 0.9615 0.0271
vn -0.2734 0.9615 0.0271
vn 0.8947 -0.0461 -0.4442
vn -0.8948 -0.0461 -0.4442
vn -0.1665 -0.9303 -0.3267
vn 0.1665 -0.9303 -0.3267
vn -0.1947 -0.9708 0.1400
vn 0.1947 -0.9708 0.1400
vn 0.4962 -0.2797 -0.8219
vn -0.4962 -0.2797 -0.8219
vn 0.2664 0.8788 -0.3958
vn -0.2664 0.8788 -0.3958
vn -0.4177 0.4174 0.8070
vn 0.4177 0.4174 0.8070
vn 0.0782 0.5809 0.8102
vn -0.0782 0.5809 0.8102
vn 0.2086 -0.3315 -0.9201
vn -0.2086 -0.3315 -0.9201
vn 0.1446 -0.4713 -0.8701
vn -0.1446 -0.4713 -0.8700
vn 0.3708 -0.7344 0.5684
vn -0.3708 -0.7344 0.5685
vn -0.2786 -0.3722 -0.8854
vn -0.2107 0.3829 0.8994
vn -0.0000 0.5689 0.8224
vn -0.0000 -0.5706 -0.8212
vn 0.8474 0.4549 0.2739
vn -0.8474 0.4549 0.2739
vn 0.0726 -0.5782 -0.8127
vn -0.0726 -0.5782 -0.8126
vn -0.0000 -0.4967 -0.8679
vn -0.0000 0.4911 0.8711
vn -0.0000 0.3941 0.9191
vn -0.0000 -0.3926 -0.9197
vn -0.0000 -0.3906 -0.9205
vn -0.0000 0.3920 0.9200
vn -0.0000 0.4265 0.9045
vn -0.0000 -0.4228 -0.9062
vn -0.0000 -0.4548 -0.8906
vn -0.0000 0.4571 0.8894
vn -0.0000 -0.7942 0.6077
vn -0.0000 0.8151 -0.5794
vn -0.2452 0.3616 0.8995
vn 0.2452 0.3616 0.8995
vn -0.5641 -0.7788 -0.2744
vn 0.5641 -0.7788 -0.2744
vn 0.1632 0.5335 0.8299
vn 0.3241 -0.5094 -0.7972
vn -0.2869 0.6467 -0.7068
vn 0.2869 0.6467 -0.7068
vn -0.0491 0.7091 0.7034
vn 0.0491 0.7091 0.7034
vn 0.1735 -0.5534 0.8146
vn -0.1735 -0.5534 0.8146
vn 0.4319 -0.8825 -0.1860
vn -0.4319 -0.8825 -0.1860
vn -0.1184 -0.8499 -0.5135
vn 0.1184 -0.8499 -0.5135
vn 0.8199 -0.2870 0.4953
vn -0.8199 -0.2871 0.4953
vn 0.0837 0.8989 0.4301
vn -0.0837 0.8989 0.4301
vn -0.8295 0.4236 -0.3640
vn 0.8295 0.4237 -0.3640
vn -0.7978 0.5560 0.2331
vn 0.7978 0.5560 0.2331
vn 0.6463 0.7341 0.2080
vn -0.6464 0.7341 0.2080
vn 0.8884 -0.4540 0.0684
vn -0.8884 -0.4540 0.0684
vn -0.3330 -0.8532 -0.4015
vn 0.3331 -0.8531 -0.4015
vn -0.4033 -0.8925 -0.2020
vn 0.4033 -0.8925 -0.2020
vn 0.5932 -0.3786 -0.7105
vn -0.5932 -0.3786 -0.7105
vn 0.3840 0.8119 -0.4397
vn -0.3840 0.8119 -0.4397
vn -0.3498 0.4287 0.8330
vn 0.3498 0.4287 0.8330
vn -0.1857 0.5021 0.8446
vn 0.1857 0.5021 0.8446
vn 0.3029 0.9207 -0.2459
vn -0.3029 0.9207 -0.2459
vn 0.1546 -0.3713 -0.9155
vn -0.1546 -0.3713 -0.9155
vn -0.1806 -0.8196 0.5437
vn 0.1806 -0.8196 0.5437
vn 0.4667 -0.5348 0.7044
vn -0.4667 -0.5348 0.7044
vn 0.1470 -0.4308 -0.8904
vn -0.1470 -0.4308 -0.8904
vn 0.3087 -0.1232 -0.9431
vn -0.3087 -0.1233 -0.9431
vn 0.0624 0.6969 0.7145
vn -0.0624 0.6969 0.7145
vn 0.5402 -0.8205 0.1871
vn -0.5402 -0.8205 0.1871
vn -0.2910 -0.3889 0.8741
vn 0.2910 -0.3889 0.8741
vn -0.3789 0.8431 0.3816
vn 0.3789 0.8431 0.3816
vn -0.2789 0.4485 -0.8492
vn 0.2789 0.4485 -0.8491
vn -0.2452 -0.6394 -0.7287
vn 0.2452 -0.6394 -0.7287
vn -0.8221 0.4597 -0.3359
vn 0.8221 0.4597 -0.3359
vn 0.3777 0.5156 0.7691
vn -0.3777 0.5156 0.7691
vn 0.6826 -0.7273 0.0718
vn -0.6826 -0.7273 0.0718
vn 0.9886 0.0125 0.1499
vn -0.9886 0.0125 0.1499
vn 0.1823 0.8231 0.5378
vn -0.1823 0.8231 0.5378
vn -0.9573 0.2868 0.0357
vn 0.9573 0.2869 0.0357
vn 0.3093 -0.8300 -0.4643
vn -0.3093 -0.8300 -0.4643
vn 0.2876 -0.6605 -0.6936
vn -0.2876 -0.6605 -0.6936
vn -0.5835 -0.6368 0.5040
vn 0.5835 -0.6368 0.5040
vn -0.0854 0.9291 0.3597
vn 0.0853 0.9292 0.3597
vn 0.7163 0.4748 -0.5113
vn -0.7164 0.4748 -0.5113
vn 0.3931 0.6087 -0.6892
vn -0.3931 0.6087 -0.6892
vn -0.0783 0.7491 0.6578
vn 0.0783 0.7491 0.6578
vn -0.3825 -0.6366 0.6697
vn 0.3825 -0.6366 0.6697
vn 0.1516 -0.7554 -0.6375
vn -0.1516 -0.7554 -0.6375
vn 0.1105 -0.4854 -0.8673
vn -0.1105 -0.4854 -0.8673
vn 0.1193 -0.5403 0.8330
vn -0.1193 -0.5403 0.8330
vn 0.3992 0.7282 0.5570
vn -0.3992 0.7282 0.5570
vn 0.1726 -0.3255 -0.9297
vn -0.1726 -0.3255 -0.9297
vn 0.2330 -0.8768 0.4207
vn -0.2330 -0.8768 0.4206
vn 0.1313 -0.5641 -0.8152
vn -0.1313 -0.5641 -0.8152
vn 0.0945 0.6012 -0.7935
vn -0.0945 0.6012 -0.7935
vn -0.3832 0.8758 -0.2935
vn 0.3832 0.8758 -0.2935
vn -0.5977 0.5774 0.5561
vn 0.5978 0.5773 0.5561
vn -0.7027 0.2367 -0.6710
vn 0.7027 0.2367 -0.6710
vn 0.0049 -0.9328 -0.3604
vn -0.0048 -0.9328 -0.3604
vn 0.8199 -0.0327 0.5715
vn -0.8199 -0.0326 0.5715
vn 0.9025 -0.3675 -0.2247
vn -0.9025 -0.3674 -0.2247
vn -0.6340 -0.7716 0.0510
vn 0.6341 -0.7716 0.0511
vn -0.9897 0.0831 -0.1162
vn 0.9897 0.0831 -0.1162
vn 0.2867 0.8714 0.3980
vn -0.2867 0.8714 0.3980
vn 0.5671 0.8102 0.1481
vn -0.5671 0.8102 0.1482
vn -0.4956 0.4041 0.7688
vn 0.4956 0.4041 0.7688
vn -0.4227 -0.8301 0.3637
vn 0.4227 -0.8301 0.3637
vn 0.1462 -0.4169 -0.8971
vn -0.1462 -0.4169 -0.8971
vn 0.1264 -0.4732 -0.8718
vn -0.1264 -0.4732 -0.8718
vn -0.4131 -0.8412 0.3489
vn 0.4131 -0.8412 0.3489
vn -0.1800 0.4780 0.8597
vn 0.1800 0.4780 0.8597
vn 0.2753 0.6573 -0.7016
vn -0.2753 0.6573 -0.7016
vn -0.2542 0.9666 -0.0334
vn 0.2541 0.9666 -0.0333
vn -0.1377 0.6360 0.7593
vn 0.1377 0.6360 0.7593
vn 0.0800 -0.5726 -0.8159
vn -0.0800 -0.5726 -0.8159
vn 0.7906 -0.5847 -0.1820
vn -0.7906 -0.5847 -0.1820
vn 0.3184 0.3989 -0.8600
vn 0.3538 0.8346 0.4222
vn -0.3109 0.5964 -0.7400
vn 0.3109 0.5964 -0.7401
vn 0.0075 0.8755 0.4831
vn -0.0075 0.8755 0.4831
vn -0.2763 0.7411 0.6120
vn 0.2763 0.7411 0.6119
vn -0.6732 0.4163 -0.6112
vn 0.6731 0.4163 -0.6112
vn -0.9550 -0.2127 -0.2066
vn 0.9550 -0.2126 -0.2066
vn -0.5365 0.0677 0.8412
vn 0.5365 0.0678 0.8412
vn -0.1344 0.0074 0.9909
vn 0.1344 0.0074 0.9909
vn 0.1101 -0.0056 -0.9939
vn -0.1101 -0.0056 -0.9939
vn 0.8536 0.0667 -0.5167
vn -0.8536 0.0667 -0.5167
vn 0.7346 0.0990 0.6712
vn -0.7346 0.0990 0.6712
vn -0.1214 0.7129 0.6907
vn 0.1214 0.7129 0.6907
vn 0.0509 0.6789 -0.7325
vn -0.0509 0.6789 -0.7325
vn 0.3795 0.7803 -0.4971
vn -0.3795 0.7803 -0.4971
vn 0.1542 0.6863 0.7108
vn -0.1542 0.6863 0.7108
vn 0.2775 -0.6546 0.7032
vn -0.2775 -0.6546 0.7032
vn 0.4578 -0.7382 -0.4954
vn -0.4578 -0.7382 -0.4954
vn -0.0106 -0.6873 -0.7263
vn 0.0106 -0.6873 -0.7263
vn -0.1028 -0.7309 0.6747
vn 0.1028 -0.7309 0.6747
vn -0.1823 -0.6630 0.7261
vn 0.1823 -0.6630 0.7261
vn 0.0221 -0.7583 -0.6515
vn -0.0221 -0.7583 -0.6515
vn 0.0957 0.7821 -0.6158
vn -0.0957 0.7821 -0.6158
vn -0.1237 0.6404 0.7580
vn 0.1238 0.6404 0.7580
vn 0.0980 0.0438 -0.9942
vn -0.0980 0.0438 -0.9942
vn -0.1291 -0.0409 0.9908
vn 0.1291 -0.0409 0.9908
vn -0.2377 -0.1340 0.9620
vn 0.2377 -0.1340 0.9620
vn 0.2377 0.1340 -0.9620
vn -0.2377 0.1340 -0.9620
vn -0.3231 0.6791 0.6591
vn 0.3231 0.6791 0.6591
vn -0.1440 0.7803 -0.6086
vn 0.1440 0.7803 -0.6086
vn 0.3642 -0.5462 -0.7543
vn -0.3642 -0.5462 -0.7543
vn -0.1134 -0.6919 0.7130
vn 0.1134 -0.6919 0.7130
vn -0.1606 -0.8340 0.5279
vn 0.1606 -0.8340 0.5279
vn -0.0350 -0.7511 -0.6592
vn 0.0350 -0.7511 -0.6592
vn -0.7160 -0.3518 -0.6029
vn 0.7160 -0.3518 -0.6029
vn -0.8291 -0.2553 0.4974
vn 0.8291 -0.2553 0.4974
vn -0.1033 -0.4608 -0.8815
vn 0.1033 -0.4608 -0.8815
vn -0.2328 -0.6464 0.7266
vn 0.2328 -0.6464 0.7266
vn 0.1440 -0.7364 0.6611
vn -0.1440 -0.7364 0.6611
vn 0.1440 -0.7364 -0.6611
vn -0.1440 -0.7364 -0.6611
vn 0.7062 -0.4009 -0.5835
vn -0.7062 -0.4009 -0.5835
vn 0.6980 -0.3962 0.5965
vn -0.6980 -0.3962 0.5965
vn -0.1536 0.7846 0.6007
vn 0.1536 0.7846 0.6007
vn -0.0912 0.5082 -0.8564
vn 0.0912 0.5082 -0.8564
vn 0.4398 0.6030 -0.6656
vn -0.4398 0.6030 -0.6656
vn 0.4349 0.7712 0.4649
vn -0.4349 0.7712 0.4649
vn -0.5872 0.4766 -0.6543
vn 0.5872 0.4766 -0.6543
vn -0.5938 0.6388 0.4893
vn 0.5938 0.6388 0.4893
vn -0.5844 -0.5688 -0.5788
vn 0.5844 -0.5688 -0.5788
vn -0.5844 -0.5688 0.5788
vn 0.5844 -0.5688 0.5788
vt 0.000000 0.000000
vt 1.000000 0.000000
vt 1.000000 1.000000
vt 0.000000 1.000000
s 1
usemtl skeleton
f 1/1/1 3/2/3 18/3/18 17/4/17
f 18/3/18 4/2/4 2/1/2 17/4/17
f 9/1/9 7/2/7 1/3/1 17/4/17
f 2/3/2 8/2/8 9/1/9 17/4/17
f 5/1/5 10/2/10 18/3/18 3/4/3
f 18/3/18 10/2/10 6/1/6 4/4/4
f 7/1/7 5/2/5 3/3/3 1/4/1
f 4/3/4 6/2/6 8/1/8 2/4/2
f 10/1/10 9/2/9 17/3/17 18/4/18
f 13/1/13 15/2/15 5/3/5 7/4/7
f 6/3/6 16/2/16 14/1/14 8/4/8
f 15/1/15 11/2/11 10/3/10 5/4/5
f 10/3/10 11/2/11 16/1/16 6/4/6
f 12/1/12 13/2/13 7/3/7 9/4/9
f 8/3/8 14/2/14 12/1/12 9/4/9
f 17/1/17 1/2/1 21/3/21 20/4/20
f 22/3/22 2/2/2 17/1/17 20/4/20
f 3/1/3 18/2/18 19/3/19 23/4/23
f 19/3/19 18/2/18 4/1/4 24/4/24
f 1/1/1 3/2/3 23/3/23 21/4/21
f 24/3/24 4/2/4 2/1/2 22/4/22
f 21/1/21 23/2/23 25/3/25 27/4/27
f 26/3/26 24/2/24 22/1/22 28/4/28
f 20/1/20 21/2/21 27/3/27 29/4/29
f 28/3/28 22/2/22 20/1/20 29/4/29
f 29/1/29 27/2/27 33/3/33 32/4/32
f 34/3/34 28/2/28 29/1/29 32/4/32
f 25/1/25 30/2/30 31/3/31 35/4/35
f 31/3/31 30/2/30 26/1/26 36/4/36
f 27/1/27 25/2/25 35/3/35 33/4/33
f 36/3/36 26/2/26 28/1/28 34/4/34
f 30/1/30 25/2/25 39/3/39 37/4/37
f 40/3/40 26/2/26 30/1/30 38/4/38
f 25/1/25 23/2/23 41/3/41 39/4/39
f 42/3/42 24/2/24 26/1/26 40/4/40
f 23/1/23 19/2/19 43/3/43 41/4/41
f 44/3/44 19/2/19 24/1/24 42/4/42
f 41/1/41 43/2/43 37/3/37 39/4/39
f 38/3/38 44/2/44 42/1/42 40/4/40
f 19/1/19 30/2/30 37/3/37 43/4/43
f 38/3/38 30/2/30 19/1/19 44/4/44
f 31/1/31 32/2/32 49/3/49 50/4/50
f 33/1/33 35/2/35 45/3/45 47/4/47
f 46/3/46 36/2/36 34/1/34 48/4/48
f 35/1/35 31/2/31 50/3/50 45/4/45
f 50/3/50 31/2/31 36/1/36 46/4/46
f 32/1/32 33/2/33 47/3/47 49/4/49
f 48/3/48 34/2/34 32/1/32 49/4/49
f 47/1/47 45/2/45 50/3/50 49/4/49
f 50/3/50 46/2/46 48/1/48 49/4/49
f 52/1/52 51/2/51 205/3/202 206/4/203
f 205/3/202 51/2/51 53/1/53 207/4/204
f 66/1/66 51/2/51 52/3/52 64/4/64
f 53/3/53 51/2/51 66/1/66 65/4/65
f 62/1/62 206/2/203 205/3/202 67/4/67
f 205/3/202 207/2/204 63/1/63 67/4/67
f 64/1/64 52/2/52 206/3/203 62/4/62
f 207/3/204 53/2/53 65/1/65 63/4/63
f 67/1/67 205/2/202 51/3/51 66/4/66
f 79/1/79 54/2/54 60/3/60 68/4/68
f 61/3/61 55/2/55 79/1/79 68/4/68
f 56/1/56 58/2/58 60/3/60 54/4/54
f 61/3/61 59/2/59 57/1/57 55/4/55
f 74/1/74 56/2/56 54/3/54 79/4/79
f 55/3/55 57/2/57 75/1/75 79/4/79
f 72/1/72 58/2/58 56/3/56 74/4/74
f 57/3/57 59/2/59 73/1/73 75/4/75
f 68/1/68 60/2/60 58/3/58 72/4/72
f 59/3/59 61/2/61 68/1/68 73/4/73
f 70/1/70 64/2/64 62/3/62 72/4/72
f 63/3/63 65/2/65 71/1/71 73/4/73
f 69/1/69 66/2/66 64/3/64 70/4/70
f 65/3/65 66/2/66 69/1/69 71/4/71
f 78/1/78 69/2/69 70/3/70 76/4/76
f 71/3/71 69/2/69 78/1/78 77/4/77
f 76/1/76 70/2/70 72/3/72 74/4/74
f 73/3/73 71/2/71 77/1/77 75/4/75
f 47/1/47 76/2/76 74/3/74 45/4/45
f 75/3/75 77/2/77 48/1/48 46/4/46
f 45/1/45 74/2/74 79/3/79 50/4/50
f 79/3/79 75/2/75 46/1/46 50/4/50
f 49/1/49 78/2/78 76/3/76 47/4/47
f 77/3/77 78/2/78 49/1/49 48/4/48
f 110/1/110 81/2/81 82/3/82 111/4/111
f 83/3/83 81/2/81 110/1/110 112/4/112
f 113/1/113 84/2/84 80/3/80 109/4/109
f 80/3/80 85/2/85 114/1/114 109/4/109
f 111/1/111 82/2/82 84/3/84 113/4/113
f 85/3/85 83/2/83 112/1/112 114/4/114
f 82/1/82 88/2/88 86/3/86 84/4/84
f 87/3/87 89/2/89 83/1/83 85/4/85
f 81/1/81 90/2/90 88/3/88 82/4/82
f 89/3/89 90/2/90 81/1/81 83/4/83
f 90/1/90 93/2/93 94/3/94 88/4/88
f 95/3/95 93/2/93 90/1/90 89/4/89
f 88/1/88 94/2/94 96/3/96 86/4/86
f 97/3/97 95/2/95 89/1/89 87/4/87
f 91/1/91 98/2/98 100/3/100 86/4/86
f 101/3/101 99/2/99 91/1/91 87/4/87
f 86/1/86 100/2/100 102/3/102 84/4/84
f 103/3/103 101/2/101 87/1/87 85/4/85
f 84/1/84 102/2/102 104/3/104 80/4/80
f 105/3/105 103/2/103 85/1/85 80/4/80
f 102/1/102 100/2/100 98/3/98 104/4/104
f 99/3/99 101/2/101 103/1/103 105/4/105
f 80/1/80 104/2/104 98/3/98 91/4/91
f 99/3/99 105/2/105 80/1/80 91/4/91
f 92/1/92 365/2/362 108/3/108 93/4/93
f 94/1/94 106/2/106 366/3/363 96/4/96
f 367/3/364 107/2/107 95/1/95 97/4/97
f 96/1/96 366/2/363 365/3/362 92/4/92
f 365/3/362 367/2/364 97/1/97 92/4/92
f 93/1/93 108/2/108 106/3/106 94/4/94
f 107/3/107 108/2/108 93/1/93 95/4/95
f 106/1/106 108/2/108 365/3/362 366/4/363
f 365/3/362 108/2/108 107/1/107 367/4/364
f 111/1/111 113/2/113 109/3/109 110/4/110
f 109/3/109 114/2/114 112/1/112 110/4/110
f 127/1/127 125/2/125 111/3/111 110/4/110
f 112/3/112 126/2/126 127/1/127 110/4/110
f 123/1/123 128/2/128 109/3/109 113/4/113
f 109/3/109 128/2/128 124/1/124 114/4/114
f 125/1/125 123/2/123 113/3/113 111/4/111
f 114/3/114 124/2/124 126/1/126 112/4/112
f 128/1/128 127/2/127 110/3/110 109/4/109
f 140/1/137 129/2/129 121/3/121 115/4/115
f 122/3/122 129/2/129 140/1/137 116/4/116
f 117/1/117 115/2/115 121/3/121 119/4/119
f 122/3/122 116/2/116 118/1/118 120/4/120
f 135/1/132 140/2/137 115/3/115 117/4/117
f 116/3/116 140/2/137 136/1/133 118/4/118
f 133/1/130 135/2/132 117/3/117 119/4/119
f 118/3/118 136/2/133 134/1/131 120/4/120
f 129/1/129 133/2/130 119/3/119 121/4/121
f 120/3/120 134/2/131 129/1/129 122/4/122
f 131/1/27 133/2/130 123/3/123 125/4/125
f 124/3/124 134/2/131 132/1/28 126/4/126
f 130/1/29 131/2/27 125/3/125 127/4/127
f 126/3/126 132/2/28 130/1/29 127/4/127
f 139/1/136 137/2/134 131/3/27 130/4/29
f 132/3/28 138/2/135 139/1/136 130/4/29
f 137/1/134 135/2/132 133/3/130 131/4/27
f 134/3/131 136/2/133 138/1/135 132/4/28
f 175/1/172 173/2/170 135/3/132 137/4/134
f 136/3/133 174/2/171 176/1/173 138/4/135
f 173/1/170 141/2/138 140/3/137 135/4/132
f 140/3/137 141/2/138 174/1/171 136/4/133
f 142/1/139 175/2/172 137/3/134 139/4/136
f 138/3/135 176/2/173 142/1/139 139/4/136
f 145/1/142 177/2/174 149/3/146 148/4/145
f 150/3/147 178/2/175 145/1/142 148/4/145
f 143/1/140 146/2/143 147/3/144 151/4/148
f 147/3/144 146/2/143 144/1/141 152/4/149
f 177/1/174 143/2/140 151/3/148 149/4/146
f 152/3/149 144/2/141 178/1/175 150/4/147
f 149/1/146 151/2/148 153/3/150 155/4/152
f 154/3/151 152/2/149 150/1/147 156/4/153
f 148/1/145 149/2/146 155/3/152 157/4/154
f 156/3/153 150/2/147 148/1/145 157/4/154
f 157/1/154 155/2/152 161/3/158 160/4/157
f 162/3/159 156/2/153 157/1/154 160/4/157
f 155/1/152 153/2/150 163/3/160 161/4/158
f 164/3/161 154/2/151 156/1/153 162/4/159
f 158/1/155 153/2/150 167/3/164 165/4/162
f 168/3/165 154/2/151 158/1/155 166/4/163
f 153/1/150 151/2/148 169/3/166 167/4/164
f 170/3/167 152/2/149 154/1/151 168/4/165
f 151/1/148 147/2/144 171/3/168 169/4/166
f 172/3/169 147/2/144 152/1/149 170/4/167
f 169/1/166 171/2/168 165/3/162 167/4/164
f 166/3/163 172/2/169 170/1/167 168/4/165
f 147/1/144 158/2/155 165/3/162 171/4/168
f 166/3/163 158/2/155 147/1/144 172/4/169
f 159/1/156 160/2/157 142/3/139 141/4/138
f 161/1/158 163/2/160 173/3/170 175/4/172
f 174/3/171 164/2/161 162/1/159 176/4/173
f 163/1/160 159/2/156 141/3/138 173/4/170
f 141/3/138 159/2/156 164/1/161 174/4/171
f 160/1/157 161/2/158 175/3/172 142/4/139
f 176/3/173 162/2/159 160/1/157 142/4/139
f 175/1/172 173/2/170 141/3/138 142/4/139
f 141/3/138 174/2/171 176/1/173 142/4/139
f 177/1/174 145/2/142 146/3/143 143/4/140
f 146/3/143 145/2/142 178/1/175 144/4/141
f 191/1/188 145/2/142 177/3/174 189/4/186
f 178/3/175 145/2/142 191/1/188 190/4/187
f 187/1/184 143/2/140 146/3/143 192/4/189
f 146/3/143 144/2/141 188/1/185 192/4/189
f 189/1/186 177/2/174 143/3/140 187/4/184
f 144/3/141 178/2/175 190/1/187 188/4/185
f 192/1/189 146/2/143 145/3/142 191/4/188
f 204/1/201 179/2/176 185/3/182 193/4/190
f 186/3/183 180/2/177 204/1/201 193/4/190
f 181/1/178 183/2/180 185/3/182 179/4/176
f 186/3/183 184/2/181 182/1/179 180/4/177
f 199/1/196 181/2/178 179/3/176 204/4/201
f 180/3/177 182/2/179 200/1/197 204/4/201
f 197/1/194 183/2/180 181/3/178 199/4/196
f 182/3/179 184/2/181 198/1/195 200/4/197
f 193/1/190 185/2/182 183/3/180 197/4/194
f 184/3/181 186/2/183 193/1/190 198/4/195
f 195/1/192 189/2/186 187/3/184 197/4/194
f 188/3/185 190/2/187 196/1/193 198/4/195
f 194/1/191 191/2/188 189/3/186 195/4/192
f 190/3/187 191/2/188 194/1/191 196/4/193
f 203/1/200 194/2/191 195/3/192 201/4/198
f 196/3/193 194/2/191 203/1/200 202/4/199
f 201/1/198 195/2/192 197/3/194 199/4/196
f 198/3/195 196/2/193 202/1/199 200/4/197
f 52/1/52 201/2/198 199/3/196 206/4/203
f 200/3/197 202/2/199 53/1/53 207/4/204
f 206/1/203 199/2/196 204/3/201 205/4/202
f 204/3/201 200/2/197 207/1/204 205/4/202
f 51/1/51 203/2/200 201/3/198 52/4/52
f 202/3/199 203/2/200 51/1/51 53/4/53
f 364/1/361 362/2/359 213/3/210 212/4/209
f 214/3/211 363/2/360 364/1/361 212/4/209
f 208/1/205 210/2/207 211/3/208 215/4/212
f 211/3/208 210/2/207 209/1/206 216/4/213
f 362/1/359 208/2/205 215/3/212 213/4/210
f 216/3/213 209/2/206 363/1/360 214/4/211
f 213/1/210 215/2/212 217/3/214 219/4/216
f 218/3/215 216/2/213 214/1/211 220/4/217
f 212/1/209 213/2/210 219/3/216 221/4/218
f 220/3/217 214/2/211 212/1/209 221/4/218
f 221/1/218 219/2/216 225/3/222 224/4/221
f 226/3/223 220/2/217 221/1/218 224/4/221
f 219/1/216 217/2/214 227/3/224 225/4/222
f 228/3/225 218/2/215 220/1/217 226/4/223
f 222/1/219 217/2/214 231/3/228 229/4/226
f 232/3/229 218/2/215 222/1/219 230/4/227
f 217/1/214 215/2/212 233/3/230 231/4/228
f 234/3/231 216/2/213 218/1/215 232/4/229
f 215/1/212 211/2/208 235/3/232 233/4/230
f 236/3/233 211/2/208 216/1/213 234/4/231
f 233/1/230 235/2/232 229/3/226 231/4/228
f 230/3/227 236/2/233 234/1/231 232/4/229
f 211/1/208 222/2/219 229/3/226 235/4/232
f 230/3/227 222/2/219 211/1/208 236/4/233
f 223/1/220 224/2/221 270/3/267 269/4/266
f 225/1/222 227/2/224 271/3/268 237/4/234
f 272/3/269 228/2/225 226/1/223 238/4/235
f 227/1/224 223/2/220 269/3/266 271/4/268
f 269/3/266 223/2/220 228/1/225 272/4/269
f 224/1/221 225/2/222 237/3/234 270/4/267
f 238/3/235 226/2/223 224/1/221 270/4/267
f 237/1/234 271/2/268 269/3/266 270/4/267
f 269/3/266 272/2/269 238/1/235 270/4/267
f 239/1/236 241/2/238 274/3/271 273/4/270
f 274/3/271 242/2/239 240/1/237 273/4/270
f 255/1/252 253/2/250 239/3/236 273/4/270
f 240/3/237 254/2/251 255/1/252 273/4/270
f 251/1/248 256/2/253 274/3/271 241/4/238
f 274/3/271 256/2/253 252/1/249 242/4/239
f 253/1/250 251/2/248 241/3/238 239/4/236
f 242/3/239 252/2/249 254/1/251 240/4/237
f 256/1/253 255/2/252 273/3/270 274/4/271
f 268/1/265 257/2/254 249/3/246 243/4/240
f 250/3/247 257/2/254 268/1/265 244/4/241
f 245/1/242 243/4/240 249/3/246 247/2/244
f 250/3/247 244/4/241 246/1/243 248/2/245
f 263/1/260 268/4/265 243/3/240 245/2/242
f 244/3/241 268/4/265 264/1/261 246/2/243
f 261/1/258 263/2/260 245/3/242 247/4/244
f 246/3/243 264/2/261 262/1/259 248/4/245
f 257/1/254 261/2/258 247/3/244 249/4/246
f 248/3/245 262/2/259 257/1/254 250/4/247
f 259/1/256 261/2/258 251/3/248 253/4/250
f 252/3/249 262/2/259 260/1/257 254/4/251
f 258/1/255 259/2/256 253/3/250 255/4/252
f 254/3/251 260/2/257 258/1/255 255/4/252
f 267/1/264 265/2/262 259/3/256 258/4/255
f 260/3/257 266/2/263 267/1/264 258/4/255
f 265/1/262 263/2/260 261/3/258 259/4/256
f 262/3/259 264/2/261 266/1/263 260/4/257
f 237/1/234 271/4/268 263/3/260 265/2/262
f 264/3/261 272/4/269 238/1/235 266/2/263
f 271/1/268 269/4/266 268/3/265 263/2/260
f 268/3/265 269/4/266 272/1/269 264/2/261
f 270/1/267 237/4/234 265/3/262 267/2/264
f 266/3/263 238/4/235 270/1/267 267/2/264
f 273/1/270 239/2/236 277/3/274 276/4/273
f 278/3/275 240/2/237 273/1/270 276/4/273
f 241/1/238 274/2/271 275/3/272 279/4/276
f 275/3/272 274/2/271 242/1/239 280/4/277
f 239/1/236 241/2/238 279/3/276 277/4/274
f 280/3/277 242/2/239 240/1/237 278/4/275
f 277/1/274 279/2/276 281/3/278 283/4/280
f 282/3/279 280/2/277 278/1/275 284/4/281
f 276/1/273 277/2/274 283/3/280 285/4/282
f 284/3/281 278/2/275 276/1/273 285/4/282
f 285/1/282 283/2/280 289/3/286 288/4/285
f 290/3/287 284/2/281 285/1/282 288/4/285
f 283/1/280 281/2/278 291/3/288 289/4/286
f 292/3/289 282/2/279 284/1/281 290/4/287
f 286/1/283 281/2/278 295/3/292 293/4/290
f 296/3/293 282/2/279 286/1/283 294/4/291
f 281/1/278 279/2/276 297/3/294 295/4/292
f 298/3/295 280/2/277 282/1/279 296/4/293
f 279/1/276 275/2/272 299/3/296 297/4/294
f 300/3/297 275/2/272 280/1/277 298/4/295
f 297/1/294 299/2/296 293/3/290 295/4/292
f 294/3/291 300/2/297 298/1/295 296/4/293
f 275/1/272 286/2/283 293/3/290 299/4/296
f 294/3/291 286/2/283 275/1/272 300/4/297
f 287/1/284 288/2/285 305/3/302 306/4/303
f 289/1/286 291/2/288 301/3/298 303/4/300
f 302/3/299 292/2/289 290/1/287 304/4/301
f 291/1/288 287/2/284 306/3/303 301/4/298
f 306/3/303 287/2/284 292/1/289 302/4/299
f 288/1/285 289/2/286 303/3/300 305/4/302
f 304/3/301 290/2/287 288/1/285 305/4/302
f 303/1/300 301/2/298 306/3/303 305/4/302
f 306/3/303 302/2/299 304/1/301 305/4/302
f 308/1/305 307/2/304 370/3/367 368/4/365
f 370/3/367 307/2/304 309/1/306 369/4/366
f 322/1/319 307/2/304 308/3/305 320/4/317
f 309/3/306 307/2/304 322/1/319 321/4/318
f 318/1/315 368/2/365 370/3/367 323/4/320
f 370/3/367 369/2/366 319/1/316 323/4/320
f 320/1/317 308/2/305 368/3/365 318/4/315
f 369/3/366 309/2/306 321/1/318 319/4/316
f 323/1/320 370/2/367 307/3/304 322/4/319
f 335/1/332 310/2/307 316/3/313 324/4/321
f 317/3/314 311/2/308 335/1/332 324/4/321
f 312/1/309 314/2/311 316/3/313 310/4/307
f 317/3/314 315/2/312 313/1/310 311/4/308
f 330/1/327 312/2/309 310/3/307 335/4/332
f 311/3/308 313/2/310 331/1/328 335/4/332
f 328/1/325 314/2/311 312/3/309 330/4/327
f 313/3/310 315/2/312 329/1/326 331/4/328
f 324/1/321 316/2/313 314/3/311 328/4/325
f 315/3/312 317/2/314 324/1/321 329/4/326
f 326/1/323 320/2/317 318/3/315 328/4/325
f 319/3/316 321/2/318 327/1/324 329/4/326
f 325/1/322 322/2/319 320/3/317 326/4/323
f 321/3/318 322/2/319 325/1/322 327/4/324
f 334/1/331 325/2/322 326/3/323 332/4/329
f 327/3/324 325/2/322 334/1/331 333/4/330
f 332/1/329 326/2/323 328/3/325 330/4/327
f 329/3/326 327/2/324 333/1/330 331/4/328
f 303/1/300 332/2/329 330/3/327 301/4/298
f 331/3/328 333/2/330 304/1/301 302/4/299
f 301/1/298 330/2/327 335/3/332 306/4/303
f 335/3/332 331/2/328 302/1/299 306/4/303
f 305/1/302 334/2/331 332/3/329 303/4/300
f 333/3/330 334/2/331 305/1/302 304/4/301
f 108/1/108 106/2/106 338/3/335 337/4/334
f 339/3/336 107/2/107 108/1/108 337/4/334
f 366/1/363 365/2/362 336/3/333 340/4/337
f 336/3/333 365/2/362 367/1/364 341/4/338
f 106/1/106 366/2/363 340/3/337 338/4/335
f 341/3/338 367/2/364 107/1/107 339/4/336
f 338/1/335 340/2/337 342/3/339 344/4/341
f 343/3/340 341/2/338 339/1/336 345/4/342
f 337/1/334 338/2/335 344/3/341 346/4/343
f 345/3/342 339/2/336 337/1/334 346/4/343
f 346/1/343 344/2/341 350/3/347 349/4/346
f 351/3/348 345/2/342 346/1/343 349/4/346
f 344/1/341 342/2/339 352/3/349 350/4/347
f 353/3/350 343/2/340 345/1/342 351/4/348
f 347/1/344 342/2/339 356/3/353 354/4/351
f 357/3/354 343/2/340 347/1/344 355/4/352
f 342/1/339 340/2/337 358/3/355 356/4/353
f 359/3/356 341/2/338 343/1/340 357/4/354
f 340/1/337 336/2/333 360/3/357 358/4/355
f 361/3/358 336/2/333 341/1/338 359/4/356
f 358/1/355 360/2/357 354/3/351 356/4/353
f 355/3/352 361/2/358 359/1/356 357/4/354
f 336/1/333 347/2/344 354/3/351 360/4/357
f 355/3/352 347/2/344 336/1/333 361/4/358
f 348/1/345 349/2/346 364/3/361 210/4/207
f 350/1/347 352/2/349 208/3/205 362/4/359
f 209/3/206 353/2/350 351/1/348 363/4/360
f 352/1/349 348/2/345 210/3/207 208/4/205
f 210/3/207 348/2/345 353/1/350 209/4/206
f 349/1/346 350/2/347 362/3/359 364/4/361
f 363/3/360 351/2/348 349/1/346 364/4/361
f 362/1/359 208/4/205 210/3/207 364/2/361
f 210/3/207 209/4/206 363/1/360 364/2/361
f 390/1/385 371/2/368 377/3/373 379/4/374
f 373/1/370 375/2/371 377/3/373 371/4/368
f 385/1/380 373/2/370 371/3/368 390/4/385
f 372/3/369 374/2/369 386/1/381 390/4/385
f 383/1/378 375/2/371 373/3/370 385/4/380
f 379/1/374 377/2/373 375/3/371 383/4/378
f 376/3/372 378/2/372 379/1/374 384/4/379
f 381/1/376 392/2/386 391/3/386 383/4/378
f 389/1/384 380/2/375 381/3/376 387/4/382
f 382/3/377 380/2/375 389/1/384 388/4/383
f 387/1/382 381/2/376 383/3/378 385/4/380
f 384/3/379 382/2/377 388/1/383 386/4/381
f 308/1/305 387/2/382 385/3/380 368/4/365
f 386/3/381 388/2/383 309/1/306 369/4/366
f 368/1/365 385/2/380 390/3/385 370/4/367
f 390/3/385 386/2/381 369/1/366 370/4/367
f 307/1/304 389/2/384 387/3/382 308/4/305
f 388/3/383 389/2/384 307/1/304 309/4/306
f 72/1/72 393/2/387 395/3/389 68/4/68
f 395/3/389 394/2/388 73/1/73 68/4/68
f 67/1/67 396/2/390 397/3/391 62/4/62
f 398/3/392 396/2/390 67/1/67 63/4/63
f 62/1/62 397/2/391 393/3/387 72/4/72
f 394/3/388 398/2/392 63/1/63 73/4/73
f 395/1/389 403/2/397 401/3/395 396/4/390
f 402/3/396 404/2/398 395/1/389 396/4/390
f 397/1/391 399/2/393 405/3/399 393/4/387
f 406/3/400 400/2/394 398/1/392 394/4/388
f 396/1/390 401/2/395 399/3/393 397/4/391
f 400/3/394 402/2/396 396/1/390 398/4/392
f 393/1/387 405/2/399 403/3/397 395/4/389
f 404/3/398 406/2/400 394/1/388 395/4/389
f 405/1/399 407/2/401 409/3/403 403/4/397
f 410/3/404 408/2/402 406/1/400 404/4/398
f 401/1/395 411/2/405 413/3/407 399/4/393
f 414/3/408 412/2/406 402/1/396 400/4/394
f 399/1/393 413/2/407 407/3/401 405/4/399
f 408/3/402 414/2/408 400/1/394 406/4/400
f 403/1/397 409/2/403 411/3/405 401/4/395
f 412/3/406 410/2/404 404/1/398 402/4/396
f 409/1/403 419/2/413 417/3/411 411/4/405
f 418/3/412 420/2/414 410/1/404 412/4/406
f 413/1/407 415/2/409 421/3/415 407/4/401
f 422/3/416 416/2/410 414/1/408 408/4/402
f 411/1/405 417/2/411 415/3/409 413/4/407
f 416/3/410 418/2/412 412/1/406 414/4/408
f 407/1/401 421/2/415 419/3/413 409/4/403
f 420/3/414 422/2/416 408/1/402 410/4/404
f 421/1/415 423/2/417 425/3/419 419/4/413
f 426/3/420 424/2/418 422/1/416 420/4/414
f 417/1/411 427/2/421 429/3/423 415/4/409
f 430/3/424 428/2/422 418/1/412 416/4/410
f 415/1/409 429/2/423 423/3/417 421/4/415
f 424/3/418 430/2/424 416/1/410 422/4/416
f 419/1/413 425/2/419 427/3/421 417/4/411
f 428/3/422 426/2/420 420/1/414 418/4/412
f 423/1/417 429/2/423 427/3/421 425/4/419
f 428/3/422 430/2/424 424/1/418 426/4/420
f 197/1/194 431/2/425 433/3/427 193/4/190
f 433/3/427 432/2/426 198/1/195 193/4/190
f 193/1/190 433/2/427 434/3/428 192/4/189
f 192/1/189 434/2/428 435/3/429 187/4/184
f 436/3/430 434/2/428 192/1/189 188/4/185
f 187/1/184 435/2/429 431/3/425 197/4/194
f 432/3/426 436/2/430 188/1/185 198/4/195
f 435/1/429 437/2/431 443/3/437 431/4/425
f 444/3/438 438/2/432 436/1/430 432/4/426
f 434/1/428 439/2/433 437/3/431 435/4/429
f 438/3/432 440/2/434 434/1/428 436/4/430
f 433/1/427 441/2/435 439/3/433 434/4/428
f 440/3/434 442/2/436 433/1/427 434/4/428
f 431/1/425 443/2/437 441/3/435 433/4/427
f 442/3/436 444/2/438 432/1/426 433/4/427
f 443/1/437 445/2/439 447/3/441 441/4/435
f 448/3/442 446/2/440 444/1/438 442/4/436
f 441/1/435 447/2/441 449/3/443 439/4/433
f 450/3/444 448/2/442 442/1/436 440/4/434
f 439/1/433 449/2/443 451/3/445 437/4/431
f 452/3/446 450/2/444 440/1/434 438/4/432
f 437/1/431 451/2/445 445/3/439 443/4/437
f 446/3/440 452/2/446 438/1/432 444/4/438
f 451/1/445 453/2/447 459/3/453 445/4/439
f 460/3/454 454/2/448 452/1/446 446/4/440
f 449/1/443 455/2/449 453/3/447 451/4/445
f 454/3/448 456/2/450 450/1/444 452/4/446
f 447/1/441 457/2/451 455/3/449 449/4/443
f 456/3/450 458/2/452 448/1/442 450/4/444
f 445/1/439 459/2/453 457/3/451 447/4/441
f 458/3/452 460/2/454 446/1/440 448/4/442
f 459/1/453 461/2/455 463/3/457 457/4/451
f 464/3/458 462/2/456 460/1/454 458/4/452
f 457/1/451 463/2/457 465/3/459 455/4/449
f 466/3/460 464/2/458 458/1/452 456/4/450
f 455/1/449 465/2/459 467/3/461 453/4/447
f 468/3/462 466/2/460 456/1/450 454/4/448
f 453/1/447 467/2/461 461/3/455 459/4/453
f 462/3/456 468/2/462 454/1/448 460/4/454
f 467/1/461 469/2/463 475/3/469 461/4/455
f 476/3/470 470/2/464 468/1/462 462/4/456
f 465/1/459 471/2/465 469/3/463 467/4/461
f 470/3/464 472/2/466 466/1/460 468/4/462
f 463/1/457 473/2/467 471/3/465 465/4/459
f 472/3/466 474/2/468 464/1/458 466/4/460
f 461/1/455 475/2/469 473/3/467 463/4/457
f 474/3/468 476/2/470 462/1/456 464/4/458
f 475/1/469 477/2/471 479/3/473 473/4/467
f 480/3/474 478/2/472 476/1/470 474/4/468
f 473/1/467 479/2/473 581/3/575 471/4/465
f 582/3/576 480/2/474 474/1/468 472/4/466
f 471/1/465 581/2/575 579/3/573 469/4/463
f 580/3/574 582/2/576 472/1/466 470/4/464
f 469/1/463 579/2/573 477/3/471 475/4/469
f 478/3/472 580/2/574 470/1/464 476/4/470
f 579/1/573 577/2/571 483/3/477 477/4/471
f 484/3/478 578/2/572 580/1/574 478/4/472
f 479/1/473 481/2/475 575/3/569 581/4/575
f 576/3/570 482/2/476 480/1/474 582/4/576
f 477/1/471 483/2/477 481/3/475 479/4/473
f 482/3/476 484/2/478 478/1/472 480/4/474
f 483/1/477 485/2/479 487/3/481 481/4/475
f 488/3/482 486/2/480 484/1/478 482/4/476
f 481/1/475 487/2/481 629/3/623 575/4/569
f 630/3/624 488/2/482 482/1/476 576/4/570
f 575/1/569 629/2/623 627/3/621 577/4/571
f 628/3/622 630/2/624 576/1/570 578/4/572
f 577/1/571 627/2/621 485/3/479 483/4/477
f 486/3/480 628/2/622 578/1/572 484/4/478
f 627/1/621 625/2/619 491/3/485 485/4/479
f 492/3/486 626/2/620 628/1/622 486/4/480
f 487/1/481 489/2/483 623/3/617 629/4/623
f 624/3/618 490/2/484 488/1/482 630/4/624
f 485/1/479 491/2/485 489/3/483 487/4/481
f 490/3/484 492/2/486 486/1/480 488/4/482
f 491/1/485 493/2/487 495/3/489 489/4/483
f 496/3/490 494/2/488 492/1/486 490/4/484
f 489/1/483 495/2/489 685/3/679 623/4/617
f 686/3/680 496/2/490 490/1/484 624/4/618
f 623/1/617 685/2/679 683/3/677 625/4/619
f 684/3/678 686/2/680 624/1/618 626/4/620
f 625/1/619 683/2/677 493/3/487 491/4/485
f 494/3/488 684/2/678 626/1/620 492/4/486
f 683/1/677 681/2/675 499/3/493 493/4/487
f 500/3/494 682/2/676 684/1/678 494/4/488
f 495/1/489 497/2/491 679/3/673 685/4/679
f 680/3/674 498/2/492 496/1/490 686/4/680
f 493/1/487 499/2/493 497/3/491 495/4/489
f 498/3/492 500/2/494 494/1/488 496/4/490
f 499/1/493 501/2/495 503/3/497 497/4/491
f 504/3/498 502/2/496 500/1/494 498/4/492
f 497/1/491 503/2/497 755/3/749 679/4/673
f 756/3/750 504/2/498 498/1/492 680/4/674
f 679/1/673 755/2/749 757/3/751 681/4/675
f 758/3/752 756/2/750 680/1/674 682/4/676
f 681/1/675 757/2/751 501/3/495 499/4/493
f 502/3/496 758/2/752 682/1/676 500/4/494
f 757/1/751 751/2/745 507/3/501 501/4/495
f 508/3/502 752/2/746 758/1/752 502/4/496
f 503/1/497 505/2/499 753/3/747 755/4/749
f 754/3/748 506/2/500 504/1/498 756/4/750
f 501/1/495 507/2/501 505/3/499 503/4/497
f 506/3/500 508/2/502 502/1/496 504/4/498
f 507/1/501 509/2/503 511/3/505 505/4/499
f 512/3/506 510/2/504 508/1/502 506/4/500
f 505/1/499 511/2/505 513/3/507 753/4/747
f 514/3/508 512/2/506 506/1/500 754/4/748
f 753/1/747 513/2/507 515/3/509 751/4/745
f 516/3/510 514/2/508 754/1/748 752/4/746
f 751/1/745 515/2/509 509/3/503 507/4/501
f 510/3/504 516/2/510 752/1/746 508/4/502
f 515/1/509 517/2/511 759/3/753 509/4/503
f 759/3/753 518/2/512 516/1/510 510/4/504
f 513/1/507 519/2/513 517/3/511 515/4/509
f 518/3/512 520/2/514 514/1/508 516/4/510
f 511/1/505 760/2/754 519/3/513 513/4/507
f 520/3/514 760/2/754 512/1/506 514/4/508
f 163/1/160 153/2/150 525/3/519 521/4/515
f 526/3/520 154/2/151 164/1/161 522/4/516
f 159/1/156 163/2/160 521/3/515 523/4/517
f 522/3/516 164/2/161 159/1/156 523/4/517
f 153/1/150 158/2/155 524/3/518 525/4/519
f 524/3/518 158/2/155 154/1/151 526/4/520
f 525/1/519 524/2/518 529/3/523 527/4/521
f 530/3/524 524/2/518 526/1/520 528/4/522
f 523/1/517 521/2/515 533/3/527 531/4/525
f 534/3/528 522/2/516 523/1/517 532/4/526
f 521/1/515 525/2/519 527/3/521 533/4/527
f 528/3/522 526/2/520 522/1/516 534/4/528
f 523/1/517 531/2/525 529/3/523 524/4/518
f 530/3/524 532/2/526 523/1/517 524/4/518
f 529/1/523 531/2/525 537/3/531 539/4/533
f 538/3/532 532/2/526 530/1/524 540/4/534
f 533/1/527 527/2/521 541/3/535 535/4/529
f 542/3/536 528/2/522 534/1/528 536/4/530
f 531/1/525 533/2/527 535/3/529 537/4/531
f 536/3/530 534/2/528 532/1/526 538/4/532
f 527/1/521 529/2/523 539/3/533 541/4/535
f 540/3/534 530/2/524 528/1/522 542/4/536
f 541/1/535 539/2/533 545/3/539 543/4/537
f 546/3/540 540/2/534 542/1/536 544/4/538
f 537/1/531 535/2/529 549/3/543 547/4/541
f 550/3/544 536/2/530 538/1/532 548/4/542
f 535/1/529 541/2/535 543/3/537 549/4/543
f 544/3/538 542/2/536 536/1/530 550/4/544
f 539/1/533 537/2/531 547/3/541 545/4/539
f 548/3/542 538/2/532 540/1/534 546/4/540
f 545/1/539 547/2/541 553/3/547 555/4/549
f 554/3/548 548/2/542 546/1/540 556/4/550
f 549/1/543 543/2/537 557/3/551 551/4/545
f 558/3/552 544/2/538 550/1/544 552/4/546
f 547/1/541 549/2/543 551/3/545 553/4/547
f 552/3/546 550/2/544 548/1/542 554/4/548
f 543/1/537 545/2/539 555/3/549 557/4/551
f 556/3/550 546/2/540 544/1/538 558/4/552
f 557/1/551 555/2/549 561/3/555 559/4/553
f 562/3/556 556/2/550 558/1/552 560/4/554
f 553/1/547 551/2/545 565/3/559 563/4/557
f 566/3/560 552/2/546 554/1/548 564/4/558
f 551/1/545 557/2/551 559/3/553 565/4/559
f 560/3/554 558/2/552 552/1/546 566/4/560
f 555/1/549 553/2/547 563/3/557 561/4/555
f 564/3/558 554/2/548 556/1/550 562/4/556
f 561/1/555 563/2/557 569/3/563 571/4/565
f 570/3/564 564/2/558 562/1/556 572/4/566
f 565/1/559 559/2/553 573/3/567 567/4/561
f 574/3/568 560/2/554 566/1/560 568/4/562
f 563/1/557 565/2/559 567/3/561 569/4/563
f 568/3/562 566/2/560 564/1/558 570/4/564
f 559/1/553 561/2/555 571/3/565 573/4/567
f 572/3/566 562/2/556 560/1/554 574/4/568
f 573/1/567 571/2/565 577/3/571 575/4/569
f 578/3/572 572/2/566 574/1/568 576/4/570
f 569/1/563 567/2/561 581/3/575 579/4/573
f 582/3/576 568/2/562 570/1/564 580/4/574
f 567/1/561 573/2/567 575/3/569 581/4/575
f 576/3/570 574/2/568 568/1/562 582/4/576
f 571/1/565 569/2/563 579/3/573 577/4/571
f 580/3/574 570/2/564 572/1/566 578/4/572
f 133/1/130 129/2/129 585/3/579 583/4/577
f 586/3/580 129/2/129 134/1/131 584/4/578
f 129/1/129 128/2/128 587/3/581 585/4/579
f 588/3/582 128/2/128 129/1/129 586/4/580
f 128/1/128 123/2/123 589/3/583 587/4/581
f 590/3/584 124/2/124 128/1/128 588/4/582
f 123/1/123 133/2/130 583/3/577 589/4/583
f 584/3/578 134/2/131 124/1/124 590/4/584
f 589/1/583 583/2/577 597/3/591 591/4/585
f 598/3/592 584/2/578 590/1/584 592/4/586
f 587/1/581 589/2/583 591/3/585 593/4/587
f 592/3/586 590/2/584 588/1/582 594/4/588
f 585/1/579 587/2/581 593/3/587 595/4/589
f 594/3/588 588/2/582 586/1/580 596/4/590
f 583/1/577 585/2/579 595/3/589 597/4/591
f 596/3/590 586/2/580 584/1/578 598/4/592
f 597/1/591 595/2/589 601/3/595 599/4/593
f 602/3/596 596/2/590 598/1/592 600/4/594
f 595/1/589 593/2/587 603/3/597 601/4/595
f 604/3/598 594/2/588 596/1/590 602/4/596
f 593/1/587 591/2/585 605/3/599 603/4/597
f 606/3/600 592/2/586 594/1/588 604/4/598
f 591/1/585 597/2/591 599/3/593 605/4/599
f 600/3/594 598/2/592 592/1/586 606/4/600
f 605/1/599 599/2/593 613/3/607 607/4/601
f 614/3/608 600/2/594 606/1/600 608/4/602
f 603/1/597 605/2/599 607/3/601 609/4/603
f 608/3/602 606/2/600 604/1/598 610/4/604
f 601/1/595 603/2/597 609/3/603 611/4/605
f 610/3/604 604/2/598 602/1/596 612/4/606
f 599/1/593 601/2/595 611/3/605 613/4/607
f 612/3/606 602/2/596 600/1/594 614/4/608
f 613/1/607 611/2/605 617/3/611 615/4/609
f 618/3/612 612/2/606 614/1/608 616/4/610
f 611/1/605 609/2/603 619/3/613 617/4/611
f 620/3/614 610/2/604 612/1/606 618/4/612
f 609/1/603 607/2/601 621/3/615 619/4/613
f 622/3/616 608/2/602 610/1/604 620/4/614
f 607/1/601 613/2/607 615/3/609 621/4/615
f 616/3/610 614/2/608 608/1/602 622/4/616
f 621/1/615 615/2/609 629/3/623 623/4/617
f 630/3/624 616/2/610 622/1/616 624/4/618
f 619/1/613 621/2/615 623/3/617 625/4/619
f 624/3/618 622/2/616 620/1/614 626/4/620
f 617/1/611 619/2/613 625/3/619 627/4/621
f 626/3/620 620/2/614 618/1/612 628/4/622
f 615/1/609 617/2/611 627/3/621 629/4/623
f 628/3/622 618/2/612 616/1/610 630/4/624
f 96/1/96 631/2/625 637/3/631 86/4/86
f 638/3/632 632/2/626 97/1/97 87/4/87
f 92/1/92 633/2/627 631/3/625 96/4/96
f 632/3/626 634/2/628 92/1/92 97/4/97
f 91/1/91 635/2/629 633/3/627 92/4/92
f 634/3/628 636/2/630 91/1/91 92/4/92
f 86/1/86 637/2/631 635/3/629 91/4/91
f 636/3/630 638/2/632 87/1/87 91/4/91
f 637/1/631 639/2/633 641/3/635 635/4/629
f 642/3/636 640/2/634 638/1/632 636/4/630
f 635/1/629 641/2/635 643/3/637 633/4/627
f 644/3/638 642/2/636 636/1/630 634/4/628
f 633/1/627 643/2/637 645/3/639 631/4/625
f 646/3/640 644/2/638 634/1/628 632/4/626
f 631/1/625 645/2/639 639/3/633 637/4/631
f 640/3/634 646/2/640 632/1/626 638/4/632
f 645/1/639 647/2/641 653/3/647 639/4/633
f 654/3/648 648/2/642 646/1/640 640/4/634
f 643/1/637 649/2/643 647/3/641 645/4/639
f 648/3/642 650/2/644 644/1/638 646/4/640
f 641/1/635 651/2/645 649/3/643 643/4/637
f 650/3/644 652/2/646 642/1/636 644/4/638
f 639/1/633 653/2/647 651/3/645 641/4/635
f 652/3/646 654/2/648 640/1/634 642/4/636
f 653/1/647 655/2/649 657/3/651 651/4/645
f 658/3/652 656/2/650 654/1/648 652/4/646
f 651/1/645 657/2/651 659/3/653 649/4/643
f 660/3/654 658/2/652 652/1/646 650/4/644
f 649/1/643 659/2/653 661/3/655 647/4/641
f 662/3/656 660/2/654 650/1/644 648/4/642
f 647/1/641 661/2/655 655/3/649 653/4/647
f 656/3/650 662/2/656 648/1/642 654/4/648
f 661/1/655 663/2/657 669/3/663 655/4/649
f 670/3/664 664/2/658 662/1/656 656/4/650
f 659/1/653 665/2/659 663/3/657 661/4/655
f 664/3/658 666/2/660 660/1/654 662/4/656
f 657/1/651 667/2/661 665/3/659 659/4/653
f 666/3/660 668/2/662 658/1/652 660/4/654
f 655/1/649 669/2/663 667/3/661 657/4/651
f 668/3/662 670/2/664 656/1/650 658/4/652
f 669/1/663 671/2/665 673/3/667 667/4/661
f 674/3/668 672/2/666 670/1/664 668/4/662
f 667/1/661 673/2/667 675/3/669 665/4/659
f 676/3/670 674/2/668 668/1/662 666/4/660
f 665/1/659 675/2/669 677/3/671 663/4/657
f 678/3/672 676/2/670 666/1/660 664/4/658
f 663/1/657 677/2/671 671/3/665 669/4/663
f 672/3/666 678/2/672 664/1/658 670/4/664
f 677/1/671 671/4/665 685/3/679 679/2/673
f 686/3/680 672/4/666 678/1/672 680/2/674
f 675/1/669 677/4/671 679/3/673 681/2/675
f 680/3/674 678/4/672 676/1/670 682/2/676
f 673/1/667 675/4/669 681/3/675 683/2/677
f 682/3/676 676/4/670 674/1/668 684/2/678
f 671/1/665 673/4/667 683/3/677 685/2/679
f 684/3/678 674/4/668 672/1/666 686/2/680
f 352/1/349 342/2/339 693/3/687 687/4/681
f 694/3/688 343/2/340 353/1/350 688/4/682
f 348/1/345 352/2/349 687/3/681 689/4/683
f 688/3/682 353/2/350 348/1/345 690/4/684
f 347/1/344 348/2/345 689/3/683 691/4/685
f 690/3/684 348/2/345 347/1/344 692/4/686
f 342/1/339 347/2/344 691/3/685 693/4/687
f 692/3/686 347/2/344 343/1/340 694/4/688
f 693/1/687 691/2/685 697/3/691 695/4/689
f 698/3/692 692/2/686 694/1/688 696/4/690
f 691/1/685 689/2/683 699/3/693 697/4/691
f 700/3/694 690/2/684 692/1/686 698/4/692
f 689/1/683 687/2/681 701/3/695 699/4/693
f 702/3/696 688/2/682 690/1/684 700/4/694
f 687/1/681 693/2/687 695/3/689 701/4/695
f 696/3/690 694/2/688 688/1/682 702/4/696
f 701/1/695 695/2/689 709/3/703 703/4/697
f 710/3/704 696/2/690 702/1/696 704/4/698
f 699/1/693 701/2/695 703/3/697 705/4/699
f 704/3/698 702/2/696 700/1/694 706/4/700
f 697/1/691 699/2/693 705/3/699 707/4/701
f 706/3/700 700/2/694 698/1/692 708/4/702
f 695/1/689 697/2/691 707/3/701 709/4/703
f 708/3/702 698/2/692 696/1/690 710/4/704
f 709/1/703 707/2/701 713/3/707 711/4/705
f 714/3/708 708/2/702 710/1/704 712/4/706
f 707/1/701 705/2/699 715/3/709 713/4/707
f 716/3/710 706/2/700 708/1/702 714/4/708
f 705/1/699 703/2/697 717/3/711 715/4/709
f 718/3/712 704/2/698 706/1/700 716/4/710
f 703/1/697 709/2/703 711/3/705 717/4/711
f 712/3/706 710/2/704 704/1/698 718/4/712
f 717/1/711 711/2/705 725/3/719 719/4/713
f 726/3/720 712/2/706 718/1/712 720/4/714
f 715/1/709 717/2/711 719/3/713 721/4/715
f 720/3/714 718/2/712 716/1/710 722/4/716
f 713/1/707 715/2/709 721/3/715 723/4/717
f 722/3/716 716/2/710 714/1/708 724/4/718
f 711/1/705 713/2/707 723/3/717 725/4/719
f 724/3/718 714/2/708 712/1/706 726/4/720
f 725/1/719 723/2/717 729/3/723 727/4/721
f 730/3/724 724/2/718 726/1/720 728/4/722
f 723/1/717 721/2/715 731/3/725 729/4/723
f 732/3/726 722/2/716 724/1/718 730/4/724
f 721/1/715 719/2/713 733/3/727 731/4/725
f 734/3/728 720/2/714 722/1/716 732/4/726
f 719/1/713 725/2/719 727/3/721 733/4/727
f 728/3/722 726/2/720 720/1/714 734/4/728
f 733/1/727 727/2/721 741/3/735 735/4/729
f 742/3/736 728/2/722 734/1/728 736/4/730
f 731/1/725 733/2/727 735/3/729 737/4/731
f 736/3/730 734/2/728 732/1/726 738/4/732
f 729/1/723 731/2/725 737/3/731 739/4/733
f 738/3/732 732/2/726 730/1/724 740/4/734
f 727/1/721 729/2/723 739/3/733 741/4/735
f 740/3/734 730/2/724 728/1/722 742/4/736
f 739/1/733 737/2/731 747/3/741 745/4/739
f 748/3/742 738/2/732 740/1/734 746/4/740
f 737/1/731 735/2/729 749/3/743 747/4/741
f 750/3/744 736/2/730 738/1/732 748/4/742
f 735/1/729 741/2/735 743/3/737 749/4/743
f 744/3/738 742/2/736 736/1/730 750/4/744
f 749/1/743 743/2/737 777/3/770 783/4/776
f 778/3/771 744/2/738 750/1/744 784/4/777
f 747/1/741 749/2/743 783/3/776 781/4/774
f 784/3/777 750/2/744 748/1/742 782/4/775
f 745/1/739 747/2/741 781/3/774 779/4/772
f 782/3/775 748/2/742 746/1/740 780/4/773
f 743/1/737 745/2/739 779/3/772 777/4/770
f 780/3/773 746/2/740 744/1/738 778/4/771
f 743/1/737 741/2/735 755/3/749 753/4/747
f 756/3/750 742/2/736 744/1/738 754/4/748
f 745/1/739 743/2/737 753/3/747 751/4/745
f 754/3/748 744/2/738 746/1/740 752/4/746
f 739/1/733 745/2/739 751/3/745 757/4/751
f 752/3/746 746/2/740 740/1/734 758/4/752
f 741/1/735 739/2/733 757/3/751 755/4/749
f 758/3/752 740/2/734 742/1/736 756/4/750
f 511/1/505 761/2/755 760/3/754
f 760/3/754 761/2/755 512/1/506
f 759/1/753 762/2/756 509/3/503
f 510/3/504 762/2/756 759/1/753
f 762/1/756 759/2/753 760/3/754 761/4/755
f 762/1/756 763/2/757 767/3/760 509/4/503
f 768/3/761 763/2/757 762/1/756 510/4/504
f 511/1/505 765/2/758 764/3/11 761/4/755
f 764/3/11 766/2/759 512/1/506 761/4/755
f 509/1/503 767/2/760 765/3/758 511/4/505
f 766/3/759 768/2/761 510/1/504 512/4/506
f 767/1/760 769/2/762 771/3/764 765/4/758
f 772/3/765 770/2/763 768/1/761 766/4/759
f 765/1/758 771/2/764 773/3/766 764/4/11
f 773/3/766 772/2/765 766/1/759 764/4/11
f 763/1/757 774/2/767 769/3/762 767/4/760
f 770/3/763 774/2/767 763/1/757 768/4/761
f 769/1/762 774/2/767 773/3/766 771/4/764
f 773/3/766 774/2/767 770/1/763 772/4/765
f 517/1/511 779/2/772 776/3/769 759/4/753
f 776/3/769 780/2/773 518/1/512 759/4/753
f 760/1/754 775/2/768 777/3/770 519/4/513
f 778/3/771 775/2/768 760/1/754 520/4/514
f 519/1/513 777/2/770 779/3/772 517/4/511
f 780/3/773 778/2/771 520/1/514 518/4/512
f 775/1/768 786/2/779 783/3/776 777/4/770
f 784/3/777 786/2/779 775/1/768 778/4/771
f 779/1/772 781/2/774 785/3/778 776/4/769
f 785/3/778 782/2/775 780/1/773 776/4/769
f 781/1/774 831/2/824 788/3/781 785/4/778
f 788/3/781 832/2/825 782/1/775 785/4/778
f 786/1/779 787/2/780 829/3/822 783/4/776
f 830/3/823 787/2/780 786/1/779 784/4/777
f 783/1/776 829/2/822 831/3/824 781/4/774
f 832/3/825 830/2/823 784/1/777 782/4/775
f 227/1/224 217/2/214 795/3/788 789/4/782
f 796/3/789 218/2/215 228/1/225 790/4/783
f 223/1/220 227/2/224 789/3/782 791/4/784
f 790/3/783 228/2/225 223/1/220 792/4/785
f 222/1/219 223/2/220 791/3/784 793/4/786
f 792/3/785 223/2/220 222/1/219 794/4/787
f 217/1/214 222/2/219 793/3/786 795/4/788
f 794/3/787 222/2/219 218/1/215 796/4/789
f 795/1/788 793/2/786 799/3/792 797/4/790
f 800/3/793 794/2/787 796/1/789 798/4/791
f 793/1/786 791/2/784 801/3/794 799/4/792
f 802/3/795 792/2/785 794/1/787 800/4/793
f 791/1/784 789/2/782 803/3/796 801/4/794
f 804/3/797 790/2/783 792/1/785 802/4/795
f 789/1/782 795/2/788 797/3/790 803/4/796
f 798/3/791 796/2/789 790/1/783 804/4/797
f 803/1/796 797/2/790 811/3/804 805/4/798
f 812/3/805 798/2/791 804/1/797 806/4/799
f 801/1/794 803/2/796 805/3/798 807/4/800
f 806/3/799 804/2/797 802/1/795 808/4/801
f 799/1/792 801/2/794 807/3/800 809/4/802
f 808/3/801 802/2/795 800/1/793 810/4/803
f 797/1/790 799/2/792 809/3/802 811/4/804
f 810/3/803 800/2/793 798/1/791 812/4/805
f 811/1/804 809/2/802 815/3/808 813/4/806
f 816/3/809 810/2/803 812/1/805 814/4/807
f 809/1/802 807/2/800 817/3/810 815/4/808
f 818/3/811 808/2/801 810/1/803 816/4/809
f 807/1/800 805/2/798 819/3/812 817/4/810
f 820/3/813 806/2/799 808/1/801 818/4/811
f 805/1/798 811/2/804 813/3/806 819/4/812
f 814/3/807 812/2/805 806/1/799 820/4/813
f 819/1/812 813/2/806 827/3/820 821/4/814
f 828/3/821 814/2/807 820/1/813 822/4/815
f 817/1/810 819/2/812 821/3/814 823/4/816
f 822/3/815 820/2/813 818/1/811 824/4/817
f 815/1/808 817/2/810 823/3/816 825/4/818
f 824/3/817 818/2/811 816/1/809 826/4/819
f 813/1/806 815/2/808 825/3/818 827/4/820
f 826/3/819 816/2/809 814/1/807 828/4/821
f 827/1/820 825/2/818 831/3/824 829/4/822
f 832/3/825 826/2/819 828/1/821 830/4/823
f 825/1/818 823/2/816 833/3/826 831/4/824
f 834/3/827 824/2/817 826/1/819 832/4/825
f 823/1/816 821/2/814 835/3/828 833/4/826
f 836/3/829 822/2/815 824/1/817 834/4/827
f 821/1/814 827/2/820 829/3/822 835/4/828
f 830/3/823 828/2/821 822/1/815 836/4/829
f 788/1/781 837/2/830 838/3/831 787/4/780
f 787/1/780 838/2/831 835/3/828 829/4/822
f 836/3/829 838/2/831 787/1/780 830/4/823
f 831/1/824 833/2/826 837/3/830 788/4/781
f 837/3/830 834/2/827 832/1/825 788/4/781
f 833/1/826 843/2/836 840/3/833 837/4/830
f 840/3/833 844/2/837 834/1/827 837/4/830
f 838/1/831 839/2/832 841/3/834 835/4/828
f 842/3/835 839/2/832 838/1/831 836/4/829
f 835/1/828 841/2/834 843/3/836 833/4/826
f 844/3/837 842/2/835 836/1/829 834/4/827
f 841/1/834 909/2/902 907/3/900 843/4/836
f 908/3/901 910/2/903 842/1/835 844/4/837
f 839/1/832 846/2/839 909/3/902 841/4/834
f 910/3/903 846/2/839 839/1/832 842/4/835
f 843/1/836 907/2/900 845/3/838 840/4/833
f 845/3/838 908/2/901 844/1/837 840/4/833
f 907/1/900 905/2/898 848/3/841 845/4/838
f 848/3/841 906/2/899 908/1/901 845/4/838
f 846/1/839 847/2/840 903/3/896 909/4/902
f 904/3/897 847/2/840 846/1/839 910/4/903
f 903/1/896 955/2/948 957/3/950 905/4/898
f 958/3/951 956/2/949 904/1/897 906/4/899
f 847/1/840 850/2/843 955/3/948 903/4/896
f 956/3/949 850/2/843 847/1/840 904/4/897
f 905/1/898 957/2/950 849/3/842 848/4/841
f 849/3/842 958/2/951 906/1/899 848/4/841
f 957/1/950 951/2/944 852/3/845 849/4/842
f 852/3/845 952/2/945 958/1/951 849/4/842
f 850/1/843 851/2/844 953/3/946 955/4/948
f 954/3/947 851/2/844 850/1/843 956/4/949
f 953/1/946 1005/2/998 1003/3/996 951/4/944
f 1004/3/997 1006/2/999 954/1/947 952/4/945
f 851/1/844 854/2/847 1005/3/998 953/4/946
f 1006/3/999 854/2/847 851/1/844 954/4/947
f 951/1/944 1003/2/996 853/3/846 852/4/845
f 853/3/846 1004/2/997 952/1/945 852/4/845
f 1003/1/996 1001/2/994 856/3/849 853/4/846
f 856/3/849 1002/2/995 1004/1/997 853/4/846
f 854/1/847 855/2/848 999/3/992 1005/4/998
f 1000/3/993 855/2/848 854/1/847 1006/4/999
f 1005/1/998 999/2/992 1001/3/994 1003/4/996
f 1002/3/995 1000/2/993 1006/1/999 1004/4/997
f 999/1/992 1001/2/994 857/3/850 859/4/852
f 858/3/851 1002/2/995 1000/1/993 860/4/853
f 855/1/848 999/4/992 859/3/852 862/2/855
f 860/3/853 1000/4/993 855/1/848 862/2/855
f 1001/1/994 856/4/849 861/3/854 857/2/850
f 861/3/854 856/4/849 1002/1/995 858/2/851
f 261/1/258 257/2/254 865/3/858 863/4/856
f 866/3/859 257/2/254 262/1/259 864/4/857
f 257/1/254 256/2/253 867/3/860 865/4/858
f 868/3/861 256/2/253 257/1/254 866/4/859
f 256/1/253 251/2/248 869/3/862 867/4/860
f 870/3/863 252/2/249 256/1/253 868/4/861
f 251/1/248 261/2/258 863/3/856 869/4/862
f 864/3/857 262/2/259 252/1/249 870/4/863
f 869/1/862 863/2/856 877/3/870 871/4/864
f 878/3/871 864/2/857 870/1/863 872/4/865
f 867/1/860 869/2/862 871/3/864 873/4/866
f 872/3/865 870/2/863 868/1/861 874/4/867
f 865/1/858 867/2/860 873/3/866 875/4/868
f 874/3/867 868/2/861 866/1/859 876/4/869
f 863/1/856 865/2/858 875/3/868 877/4/870
f 876/3/869 866/2/859 864/1/857 878/4/871
f 877/1/870 875/2/868 881/3/874 879/4/872
f 882/3/875 876/2/869 878/1/871 880/4/873
f 875/1/868 873/2/866 883/3/876 881/4/874
f 884/3/877 874/2/867 876/1/869 882/4/875
f 873/1/866 871/2/864 885/3/878 883/4/876
f 886/3/879 872/2/865 874/1/867 884/4/877
f 871/1/864 877/2/870 879/3/872 885/4/878
f 880/3/873 878/2/871 872/1/865 886/4/879
f 885/1/878 879/2/872 893/3/886 887/4/880
f 894/3/887 880/2/873 886/1/879 888/4/881
f 883/1/876 885/2/878 887/3/880 889/4/882
f 888/3/881 886/2/879 884/1/877 890/4/883
f 881/1/874 883/2/876 889/3/882 891/4/884
f 890/3/883 884/2/877 882/1/875 892/4/885
f 879/1/872 881/2/874 891/3/884 893/4/886
f 892/3/885 882/2/875 880/1/873 894/4/887
f 893/1/886 891/2/884 897/3/890 895/4/888
f 898/3/891 892/2/885 894/1/887 896/4/889
f 891/1/884 889/2/882 899/3/892 897/4/890
f 900/3/893 890/2/883 892/1/885 898/4/891
f 889/1/882 887/2/880 901/3/894 899/4/892
f 902/3/895 888/2/881 890/1/883 900/4/893
f 887/1/880 893/2/886 895/3/888 901/4/894
f 896/3/889 894/2/887 888/1/881 902/4/895
f 901/1/894 895/2/888 909/3/902 903/4/896
f 910/3/903 896/2/889 902/1/895 904/4/897
f 899/1/892 901/2/894 903/3/896 905/4/898
f 904/3/897 902/2/895 900/1/893 906/4/899
f 897/1/890 899/2/892 905/3/898 907/4/900
f 906/3/899 900/2/893 898/1/891 908/4/901
f 895/1/888 897/2/890 907/3/900 909/4/902
f 908/3/901 898/2/891 896/1/889 910/4/903
f 291/1/288 281/2/278 917/3/910 911/4/904
f 918/3/911 282/2/279 292/1/289 912/4/905
f 287/1/284 291/2/288 911/3/904 913/4/906
f 912/3/905 292/2/289 287/1/284 914/4/907
f 286/1/283 287/2/284 913/3/906 915/4/908
f 914/3/907 287/2/284 286/1/283 916/4/909
f 281/1/278 286/2/283 915/3/908 917/4/910
f 916/3/909 286/2/283 282/1/279 918/4/911
f 917/1/910 915/2/908 921/3/914 919/4/912
f 922/3/915 916/2/909 918/1/911 920/4/913
f 915/1/908 913/2/906 923/3/916 921/4/914
f 924/3/917 914/2/907 916/1/909 922/4/915
f 913/1/906 911/2/904 925/3/918 923/4/916
f 926/3/919 912/2/905 914/1/907 924/4/917
f 911/1/904 917/2/910 919/3/912 925/4/918
f 920/3/913 918/2/911 912/1/905 926/4/919
f 925/1/918 919/2/912 933/3/926 927/4/920
f 934/3/927 920/2/913 926/1/919 928/4/921
f 923/1/916 925/2/918 927/3/920 929/4/922
f 928/3/921 926/2/919 924/1/917 930/4/923
f 921/1/914 923/2/916 929/3/922 931/4/924
f 930/3/923 924/2/917 922/1/915 932/4/925
f 919/1/912 921/2/914 931/3/924 933/4/926
f 932/3/925 922/2/915 920/1/913 934/4/927
f 933/1/926 931/2/924 937/3/930 935/4/928
f 938/3/931 932/2/925 934/1/927 936/4/929
f 931/1/924 929/2/922 939/3/932 937/4/930
f 940/3/933 930/2/923 932/1/925 938/4/931
f 929/1/922 927/2/920 941/3/934 939/4/932
f 942/3/935 928/2/921 930/1/923 940/4/933
f 927/1/920 933/2/926 935/3/928 941/4/934
f 936/3/929 934/2/927 928/1/921 942/4/935
f 941/1/934 935/2/928 949/3/942 943/4/936
f 950/3/943 936/2/929 942/1/935 944/4/937
f 939/1/932 941/2/934 943/3/936 945/4/938
f 944/3/937 942/2/935 940/1/933 946/4/939
f 937/1/930 939/2/932 945/3/938 947/4/940
f 946/3/939 940/2/933 938/1/931 948/4/941
f 935/1/928 937/2/930 947/3/940 949/4/942
f 948/3/941 938/2/931 936/1/929 950/4/943
f 949/1/942 947/2/940 953/3/946 951/4/944
f 954/3/947 948/2/941 950/1/943 952/4/945
f 947/1/940 945/2/938 955/3/948 953/4/946
f 956/3/949 946/2/939 948/1/941 954/4/947
f 945/1/938 943/2/936 957/3/950 955/4/948
f 958/3/951 944/2/937 946/1/939 956/4/949
f 943/1/936 949/2/942 951/3/944 957/4/950
f 952/3/945 950/2/943 944/1/937 958/4/951
f 328/1/325 959/2/952 961/3/954 324/4/321
f 962/3/955 960/2/953 329/1/326 324/4/321
f 324/1/321 961/2/954 963/3/956 323/4/320
f 964/3/957 962/2/955 324/1/321 323/4/320
f 323/1/320 963/2/956 965/3/958 318/4/315
f 966/3/959 964/2/957 323/1/320 319/4/316
f 318/1/315 965/2/958 959/3/952 328/4/325
f 960/3/953 966/2/959 319/1/316 329/4/326
f 965/1/958 967/2/960 973/3/966 959/4/952
f 974/3/967 968/2/961 966/1/959 960/4/953
f 963/1/956 969/2/962 967/3/960 965/4/958
f 968/3/961 970/2/963 964/1/957 966/4/959
f 961/1/954 971/2/964 969/3/962 963/4/956
f 970/3/963 972/2/965 962/1/955 964/4/957
f 959/1/952 973/2/966 971/3/964 961/4/954
f 972/3/965 974/2/967 960/1/953 962/4/955
f 973/1/966 975/2/968 977/3/970 971/4/964
f 978/3/971 976/2/969 974/1/967 972/4/965
f 971/1/964 977/2/970 979/3/972 969/4/962
f 980/3/973 978/2/971 972/1/965 970/4/963
f 969/1/962 979/2/972 981/3/974 967/4/960
f 982/3/975 980/2/973 970/1/963 968/4/961
f 967/1/960 981/2/974 975/3/968 973/4/966
f 976/3/969 982/2/975 968/1/961 974/4/967
f 981/1/974 983/2/976 989/3/982 975/4/968
f 990/3/983 984/2/977 982/1/975 976/4/969
f 979/1/972 985/2/978 983/3/976 981/4/974
f 984/3/977 986/2/979 980/1/973 982/4/975
f 977/1/970 987/2/980 985/3/978 979/4/972
f 986/3/979 988/2/981 978/1/971 980/4/973
f 975/1/968 989/2/982 987/3/980 977/4/970
f 988/3/981 990/2/983 976/1/969 978/4/971
f 989/1/982 991/2/984 993/3/986 987/4/980
f 994/3/987 992/2/985 990/1/983 988/4/981
f 987/1/980 993/2/986 995/3/988 985/4/978
f 996/3/989 994/2/987 988/1/981 986/4/979
f 985/1/978 995/2/988 997/3/990 983/4/976
f 998/3/991 996/2/989 986/1/979 984/4/977
f 983/1/976 997/2/990 991/3/984 989/4/982
f 992/3/985 998/2/991 984/1/977 990/4/983
f 997/1/990 999/2/992 1005/3/998 991/4/984
f 1006/3/999 1000/2/993 998/1/991 992/4/985
f 995/1/988 1001/2/994 999/3/992 997/4/990
f 1000/3/993 1002/2/995 996/1/989 998/4/991
f 993/1/986 1003/2/996 1001/3/994 995/4/988
f 1002/3/995 1004/2/997 994/1/987 996/4/989
f 991/1/984 1005/2/998 1003/3/996 993/4/986
f 1004/3/997 1006/2/999 992/1/985 994/4/987
f 861/1/854 862/4/855 1007/3/1000 1008/2/1001
f 857/1/850 861/4/854 1008/3/1001 1011/2/1004
f 1008/3/1001 861/4/854 858/1/851 1012/2/1005
f 862/1/855 859/4/852 1009/3/1002 1007/2/1000
f 1010/3/1003 860/4/853 862/1/855 1007/2/1000
f 1008/1/1001 1007/4/1000 1009/3/1002 1011/2/1004
f 1010/3/1003 1007/4/1000 1008/1/1001 1012/2/1005
f 1011/1/1004 1009/4/1002 1015/3/1008 1013/2/1006
f 1016/3/1009 1010/4/1003 1012/1/1005 1014/2/1007
f 1009/1/1002 859/4/852 1017/3/1010 1015/2/1008
f 1018/3/1011 860/4/853 1010/1/1003 1016/2/1009
f 857/1/850 1011/4/1004 1013/3/1006 1019/2/1012
f 1014/3/1007 1012/4/1005 858/1/851 1020/2/1013
f 859/1/852 857/2/850 1019/3/1012 1017/4/1010
f 1020/3/1013 858/2/851 860/1/853 1018/4/1011
f 1017/1/1010 1019/2/1012 1013/3/1006 1015/4/1008
f 1014/3/1007 1020/2/1013 1018/1/1011 1016/4/1009
f 1029/1/1022 1035/2/1028 1033/3/1026 1031/4/1024
f 1034/3/1027 1036/2/1029 1030/1/1023 1032/4/1025
f 1023/1/1016 1031/2/1024 1033/3/1026 1025/4/1018
f 1034/3/1027 1032/2/1025 1024/1/1017 1026/4/1019
f 1025/1/1018 1033/2/1026 1035/3/1028 1027/4/1020
f 1036/3/1029 1034/2/1027 1026/1/1019 1028/4/1021
f 1027/1/1020 1035/2/1028 1029/3/1022 1021/4/1014
f 1030/3/1023 1036/2/1029 1028/1/1021 1022/4/1015
f 1025/1/1018 1027/2/1020 1037/3/1030 1039/4/1032
f 1038/3/1031 1028/2/1021 1026/1/1019 1040/4/1033
f 1027/1/1020 1021/2/1014 1043/3/1036 1037/4/1030
f 1044/3/1037 1022/2/1015 1028/1/1021 1038/4/1031
f 1023/1/1016 1025/2/1018 1039/3/1032 1041/4/1034
f 1040/3/1033 1026/2/1019 1024/1/1017 1042/4/1035
f 1039/1/1032 1037/2/1030 1043/3/1036 1041/4/1034
f 1044/3/1037 1038/2/1031 1040/1/1033 1042/4/1035
f 1041/1/1034 1043/2/1036 1045/3/1038 1047/4/1040
f 1046/3/1039 1044/2/1037 1042/1/1035 1048/4/1041
f 1023/1/1016 1041/2/1034 1047/3/1040 1053/4/1046
f 1048/3/1041 1042/2/1035 1024/1/1017 1054/4/1047
f 1043/1/1036 1021/2/1014 1055/3/1048 1045/4/1038
f 1056/3/1049 1022/2/1015 1044/1/1037 1046/4/1039
f 1021/1/1014 1029/2/1022 1051/3/1044 1055/4/1048
f 1052/3/1045 1030/2/1023 1022/1/1015 1056/4/1049
f 1031/1/1024 1023/2/1016 1053/3/1046 1049/4/1042
f 1054/3/1047 1024/2/1017 1032/1/1025 1050/4/1043
f 1029/1/1022 1031/2/1024 1049/3/1042 1051/4/1044
f 1050/3/1043 1032/2/1025 1030/1/1023 1052/4/1045
f 1051/1/1044 1049/2/1042 1063/3/1056 1061/4/1054
f 1064/3/1057 1050/2/1043 1052/1/1045 1062/4/1055
f 1049/1/1042 1053/2/1046 1059/3/1052 1063/4/1056
f 1060/3/1053 1054/2/1047 1050/1/1043 1064/4/1057
f 1055/1/1048 1051/2/1044 1061/3/1054 1057/4/1050
f 1062/3/1055 1052/2/1045 1056/1/1049 1058/4/1051
f 1045/1/1038 1055/2/1048 1057/3/1050 1067/4/1060
f 1058/3/1051 1056/2/1049 1046/1/1039 1068/4/1061
f 1053/1/1046 1047/2/1040 1065/3/1058 1059/4/1052
f 1066/3/1059 1048/2/1041 1054/1/1047 1060/4/1053
f 1047/1/1040 1045/2/1038 1067/3/1060 1065/4/1058
f 1068/3/1061 1046/2/1039 1048/1/1041 1066/4/1059
f 1065/1/1058 1067/2/1060 1069/3/1062 1071/4/1064
f 1070/3/1063 1068/2/1061 1066/1/1059 1072/4/1065
f 1059/1/1052 1065/2/1058 1071/3/1064 1077/4/1070
f 1072/3/1065 1066/2/1059 1060/1/1053 1078/4/1071
f 1067/1/1060 1057/2/1050 1079/3/1072 1069/4/1062
f 1080/3/1073 1058/2/1051 1068/1/1061 1070/4/1063
f 1057/1/1050 1061/2/1054 1075/3/1068 1079/4/1072
f 1076/3/1069 1062/2/1055 1058/1/1051 1080/4/1073
f 1063/1/1056 1059/2/1052 1077/3/1070 1073/4/1066
f 1078/3/1071 1060/2/1053 1064/1/1057 1074/4/1067
f 1061/1/1054 1063/2/1056 1073/3/1066 1075/4/1068
f 1074/3/1067 1064/2/1057 1062/1/1055 1076/4/1069
f 1079/1/1072 1075/2/1068 1073/3/1066 1077/4/1070
f 1074/3/1067 1076/2/1069 1080/1/1073 1078/4/1071
f 1079/1/1072 1077/2/1070 1071/3/1064 1069/4/1062
f 1072/3/1065 1078/2/1071 1080/1/1073 1070/4/1063
f 1085/1/1078 1087/4/1080 1081/3/1074 1083/2/1076
f 1082/3/1075 1088/4/1081 1086/1/1079 1084/2/1077
f 1089/1/1082 1095/4/1088 1093/3/1086 1091/2/1084
f 1094/3/1087 1096/4/1089 1090/1/1083 1092/2/1085
f 1083/1/1076 1091/4/1084 1093/3/1086 1085/2/1078
f 1094/3/1087 1092/4/1085 1084/1/1077 1086/2/1079
f 1085/1/1078 1093/4/1086 1095/3/1088 1087/2/1080
f 1096/3/1089 1094/4/1087 1086/1/1079 1088/2/1081
f 1087/1/1080 1095/4/1088 1089/3/1082 1081/2/1074
f 1090/3/1083 1096/4/1089 1088/1/1081 1082/2/1075
f 1081/1/1074 1089/4/1082 1099/3/1092 1103/2/1096
f 1100/3/1093 1090/4/1083 1082/1/1075 1104/2/1097
f 1091/1/1084 1083/4/1076 1101/3/1094 1097/2/1090
f 1102/3/1095 1084/4/1077 1092/1/1085 1098/2/1091
f 1089/1/1082 1091/4/1084 1097/3/1090 1099/2/1092
f 1098/3/1091 1092/4/1085 1090/1/1083 1100/2/1093
f 1083/1/1076 1081/4/1074 1103/3/1096 1101/2/1094
f 1104/3/1097 1082/4/1075 1084/1/1077 1102/2/1095
f 1103/1/1096 1099/4/1092 1097/3/1090 1101/2/1094
f 1098/3/1091 1100/4/1093 1104/1/1097 1102/2/1095
